# Copyright (c) 2023, Arm Limited.
# SPDX-License-Identifier: Apache-2.0
# Auto-generated from actuation_format_bag
1672931038976504417,0x1.0c9838p-1,0x1.1c6d78p-28,0x1.9d33bep-6,0x0p+0
1672931039001307857,0x1.114e3cp-1,0x1p-2,0x1.9d33b6p-6,0x0p+0
1672931039026498240,0x1.114e3cp-1,0x1p-2,0x1.9d33b6p-6,0x0p+0
1672931039051253175,0x1.114e3cp-1,0x1p-2,0x1.9d33b6p-6,0x0p+0
1672931039076238152,0x1.114e3cp-1,0x1p-2,0x1.9d33b6p-6,0x0p+0
1672931039102212109,0x1.114e3cp-1,0x1p-2,0x1.9d33b6p-6,0x0p+0
1672931039126258747,0x1.114e3cp-1,0x1p-2,0x1.9d33b6p-6,0x0p+0
1672931039151250638,0x1.114e3cp-1,0x1p-2,0x1.9d33b6p-6,0x0p+0
1672931039176232067,0x1.114e3cp-1,0x1p-2,0x1.9d33b6p-6,0x0p+0
1672931039201663088,0x1.114e3cp-1,0x1p-2,0x1.9d33b6p-6,0x0p+0
1672931039226357474,0x1.114e3cp-1,0x1p-2,0x1.9d33b6p-6,0x0p+0
1672931039251297773,0x1.114e3cp-1,0x1p-2,0x1.9d33b6p-6,0x0p+0
1672931039276838641,0x1.114e3cp-1,0x1p-2,0x1.9d33b6p-6,0x0p+0
1672931039301728656,0x1.114e3cp-1,0x1p-2,0x1.9d33b6p-6,0x0p+0
1672931039326327870,0x1.114e3cp-1,0x1p-2,0x1.9d33b6p-6,0x0p+0
1672931039351282360,0x1.114e3cp-1,0x1p-2,0x1.9d33b6p-6,0x0p+0
1672931039376097772,0x1.114e3cp-1,0x1p-2,0x1.9d33b6p-6,0x0p+0
1672931039401343378,0x1.114e3cp-1,0x1p-2,0x1.9d33b6p-6,0x0p+0
1672931039426424988,0x1.114e3cp-1,0x1p-2,0x1.9d33b6p-6,0x0p+0
1672931039451397747,0x1.114e3cp-1,0x1p-2,0x1.9d33b6p-6,0x0p+0
1672931039476188859,0x1.114e3cp-1,0x1p-2,0x1.9d33b6p-6,0x0p+0
1672931039501332593,0x1.114e3cp-1,0x1p-2,0x1.9d33b6p-6,0x0p+0
1672931039526543103,0x1.114e3cp-1,0x1p-2,0x1.9d33b6p-6,0x0p+0
1672931039551355638,0x1.114e3cp-1,0x1p-2,0x1.9d33b6p-6,0x0p+0
1672931039577031280,0x1.114e3cp-1,0x1p-2,0x1.9d33b6p-6,0x0p+0
1672931039601381182,0x1.114e3cp-1,0x1p-2,0x1.9d33b6p-6,0x0p+0
1672931039626417869,0x1.114e3cp-1,0x1p-2,0x1.9d33b6p-6,0x0p+0
1672931039651481780,0x1.114e3cp-1,0x1p-2,0x1.9d33b6p-6,0x0p+0
1672931039676506389,0x1.114e3cp-1,0x1p-2,0x1.9d33b6p-6,0x0p+0
1672931039701396168,0x1.114e3cp-1,0x1p-2,0x1.9d33b6p-6,0x0p+0
1672931039727276197,0x1.114e3cp-1,0x1p-2,0x1.9d33b6p-6,0x0p+0
1672931039751186556,0x1.114e3cp-1,0x1p-2,0x1.9d33b6p-6,0x0p+0
1672931039776468995,0x1.114e3cp-1,0x1p-2,0x1.9d33b6p-6,0x0p+0
1672931039801215460,0x1.114e3cp-1,0x1p-2,0x1.9d33b6p-6,0x0p+0
1672931039826489102,0x1.114e3cp-1,0x1p-2,0x1.9d33b6p-6,0x0p+0
1672931039851521592,0x1.114e3cp-1,0x1p-2,0x1.9d33b6p-6,0x0p+0
1672931039876364924,0x1.114e3cp-1,0x1p-2,0x1.9d33b6p-6,0x0p+0
1672931039901286515,0x1.114e3cp-1,0x1p-2,0x1.9d33b6p-6,0x0p+0
1672931039926267000,0x1.114e3cp-1,0x1p-2,0x1.9d33b6p-6,0x0p+0
1672931039951609293,0x1.114e3cp-1,0x1p-2,0x1.9d33b6p-6,0x0p+0
1672931039976221312,0x1.114e3cp-1,0x1p-2,0x1.9d33b6p-6,0x0p+0
1672931040001454759,0x1.114e3cp-1,0x1p-2,0x1.9d33b6p-6,0x0p+0
1672931040026570650,0x1.0eaeaep-1,0x1.ffff08p-3,0x1.f3443p-6,0x0p+0
1672931040051276165,0x1.0eaeaep-1,0x1.ffff08p-3,0x1.f3443p-6,0x0p+0
1672931040078281735,0x1.0eaeaep-1,0x1.ffff08p-3,0x1.f3443p-6,0x0p+0
1672931040101322935,0x1.0eaeaep-1,0x1.ffff08p-3,0x1.f3443p-6,0x0p+0
1672931040126373560,0x1.0eaeaep-1,0x1.ffff08p-3,0x1.f3443p-6,0x0p+0
1672931040151300172,0x1.0eaeaep-1,0x1.ffff08p-3,0x1.f3443p-6,0x0p+0
1672931040176331835,0x1.0eaeaep-1,0x1.ffff08p-3,0x1.f3443p-6,0x0p+0
1672931040201296414,0x1.0eaeaep-1,0x1.ffff08p-3,0x1.f3443p-6,0x0p+0
1672931040226354525,0x1.0eaeaep-1,0x1.ffff08p-3,0x1.f3443p-6,0x0p+0
1672931040251218835,0x1.0eaeaep-1,0x1.ffff08p-3,0x1.f3443p-6,0x0p+0
1672931040276293068,0x1.0eaeaep-1,0x1.ffff08p-3,0x1.f3443p-6,0x0p+0
1672931040301380503,0x1.0eaeaep-1,0x1.ffff08p-3,0x1.f3443p-6,0x0p+0
1672931040326555750,0x1.0eaeaep-1,0x1.ffff08p-3,0x1.f3443p-6,0x0p+0
1672931040351332407,0x1.0eaeaep-1,0x1.ffff08p-3,0x1.f3443p-6,0x0p+0
1672931040376126972,0x1.0eaeaep-1,0x1.ffff08p-3,0x1.f3443p-6,0x0p+0
1672931040401116423,0x1.0eaeaep-1,0x1.ffff08p-3,0x1.f3443p-6,0x0p+0
1672931040426130167,0x1.0eaeaep-1,0x1.ffff08p-3,0x1.f3443p-6,0x0p+0
1672931040451140463,0x1.0eaeaep-1,0x1.ffff08p-3,0x1.f3443p-6,0x0p+0
1672931040476212125,0x1.0eaeaep-1,0x1.ffff08p-3,0x1.f3443p-6,0x0p+0
1672931040501281568,0x1.0eaeaep-1,0x1.ffff08p-3,0x1.f3443p-6,0x0p+0
1672931040527174706,0x1.0eaeaep-1,0x1.ffff08p-3,0x1.f3443p-6,0x0p+0
1672931040551467612,0x1.0eaeaep-1,0x1.ffff08p-3,0x1.f3443p-6,0x0p+0
1672931040576212977,0x1.0eaeaep-1,0x1.ffff08p-3,0x1.f3443p-6,0x0p+0
1672931040601654822,0x1.0eaeaep-1,0x1.ffff08p-3,0x1.f3443p-6,0x0p+0
1672931040626352026,0x1.0eaeaep-1,0x1.ffff08p-3,0x1.f3443p-6,0x0p+0
1672931040651354000,0x1.0eaeaep-1,0x1.ffff08p-3,0x1.f3443p-6,0x0p+0
1672931040676265689,0x1.0eaeaep-1,0x1.ffff08p-3,0x1.f3443p-6,0x0p+0
1672931040701341357,0x1.0eaeaep-1,0x1.ffff08p-3,0x1.f3443p-6,0x0p+0
1672931040726445423,0x1.0eaeaep-1,0x1.ffff08p-3,0x1.f3443p-6,0x0p+0
1672931040752126622,0x1.0eaeaep-1,0x1.ffff08p-3,0x1.f3443p-6,0x0p+0
1672931040776215997,0x1.0eaeaep-1,0x1.ffff08p-3,0x1.f3443p-6,0x0p+0
1672931040801436316,0x1.0eaeaep-1,0x1.ffff08p-3,0x1.f3443p-6,0x0p+0
1672931040826317982,0x1.0eaeaep-1,0x1.ffff08p-3,0x1.f3443p-6,0x0p+0
1672931040851185568,0x1.0eaeaep-1,0x1.ffff08p-3,0x1.f3443p-6,0x0p+0
1672931040876480092,0x1.0eaeaep-1,0x1.ffff08p-3,0x1.f3443p-6,0x0p+0
1672931040901284502,0x1.0eaeaep-1,0x1.ffff08p-3,0x1.f3443p-6,0x0p+0
1672931040926253262,0x1.0eaeaep-1,0x1.ffff08p-3,0x1.f3443p-6,0x0p+0
1672931040951118297,0x1.0eaeaep-1,0x1.ffff08p-3,0x1.f3443p-6,0x0p+0
1672931040976210823,0x1.0eaeaep-1,0x1.ffff08p-3,0x1.f3443p-6,0x0p+0
1672931041001281457,0x1.0eaeaep-1,0x1.ffff08p-3,0x1.f3443p-6,0x0p+0
1672931041028046859,0x1.0eaeaep-1,0x1.ffff08p-3,0x1.f3443p-6,0x0p+0
1672931041051240468,0x1.0eaeaep-1,0x1.ffff08p-3,0x1.f3443p-6,0x0p+0
1672931041076225382,0x1.0eaeaep-1,0x1.ffff08p-3,0x1.f3443p-6,0x0p+0
1672931041101331848,0x1.0eaeaep-1,0x1.ffff08p-3,0x1.f3443p-6,0x0p+0
1672931041126297394,0x1.0eaeaep-1,0x1.ffff08p-3,0x1.f3443p-6,0x0p+0
1672931041151183780,0x1.0eaeaep-1,0x1.ffff08p-3,0x1.f3443p-6,0x0p+0
1672931041176199786,0x1.0eaeaep-1,0x1.ffff08p-3,0x1.f3443p-6,0x0p+0
1672931041201522004,0x1.0eaeaep-1,0x1.ffff08p-3,0x1.f3443p-6,0x0p+0
1672931041226402683,0x1.0eaeaep-1,0x1.ffff08p-3,0x1.f3443p-6,0x0p+0
1672931041251433608,0x1.1244b4p-1,0x1p-2,0x1.13de08p-5,0x0p+0
1672931041276370021,0x1.1244b4p-1,0x1p-2,0x1.13de08p-5,0x0p+0
1672931041302489900,0x1.1244b4p-1,0x1p-2,0x1.13de08p-5,0x0p+0
1672931041326464940,0x1.1244b4p-1,0x1p-2,0x1.13de08p-5,0x0p+0
1672931041351248727,0x1.1244b4p-1,0x1p-2,0x1.13de08p-5,0x0p+0
1672931041377866705,0x1.1244b4p-1,0x1p-2,0x1.13de08p-5,0x0p+0
1672931041401316556,0x1.1244b4p-1,0x1p-2,0x1.13de08p-5,0x0p+0
1672931041426656820,0x1.1244b4p-1,0x1p-2,0x1.13de08p-5,0x0p+0
1672931041451287641,0x1.1244b4p-1,0x1p-2,0x1.13de08p-5,0x0p+0
1672931041476166626,0x1.1244b4p-1,0x1p-2,0x1.13de08p-5,0x0p+0
1672931041501476500,0x1.1244b4p-1,0x1p-2,0x1.13de08p-5,0x0p+0
1672931041526374048,0x1.1244b4p-1,0x1p-2,0x1.13de08p-5,0x0p+0
1672931041551233758,0x1.1244b4p-1,0x1p-2,0x1.13de08p-5,0x0p+0
1672931041576320947,0x1.1244b4p-1,0x1p-2,0x1.13de08p-5,0x0p+0
1672931041601382786,0x1.1244b4p-1,0x1p-2,0x1.13de08p-5,0x0p+0
1672931041626297495,0x1.1244b4p-1,0x1p-2,0x1.13de08p-5,0x0p+0
1672931041653287284,0x1.1244b4p-1,0x1p-2,0x1.13de08p-5,0x0p+0
1672931041676323368,0x1.1244b4p-1,0x1p-2,0x1.13de08p-5,0x0p+0
1672931041701426579,0x1.1244b4p-1,0x1p-2,0x1.13de08p-5,0x0p+0
1672931041726352497,0x1.1244b4p-1,0x1p-2,0x1.13de08p-5,0x0p+0
1672931041751195352,0x1.1244b4p-1,0x1p-2,0x1.13de08p-5,0x0p+0
1672931041776237470,0x1.1244b4p-1,0x1p-2,0x1.13de08p-5,0x0p+0
1672931041803265680,0x1.1244b4p-1,0x1p-2,0x1.13de08p-5,0x0p+0
1672931041826700507,0x1.1244b4p-1,0x1p-2,0x1.13de08p-5,0x0p+0
1672931041851210106,0x1.1244b4p-1,0x1p-2,0x1.13de08p-5,0x0p+0
1672931041876226999,0x1.1244b4p-1,0x1p-2,0x1.13de08p-5,0x0p+0
1672931041901302239,0x1.1244b4p-1,0x1p-2,0x1.13de08p-5,0x0p+0
1672931041926344739,0x1.1244b4p-1,0x1p-2,0x1.13de08p-5,0x0p+0
1672931041951391538,0x1.1244b4p-1,0x1p-2,0x1.13de08p-5,0x0p+0
1672931041978305141,0x1.1244b4p-1,0x1p-2,0x1.13de08p-5,0x0p+0
1672931042001492643,0x1.1244b4p-1,0x1p-2,0x1.13de08p-5,0x0p+0
1672931042026342196,0x1.1244b4p-1,0x1p-2,0x1.13de08p-5,0x0p+0
1672931042051304649,0x1.1244b4p-1,0x1p-2,0x1.13de08p-5,0x0p+0
1672931042076287606,0x1.1244b4p-1,0x1p-2,0x1.13de08p-5,0x0p+0
1672931042101347769,0x1.1244b4p-1,0x1p-2,0x1.13de08p-5,0x0p+0
1672931042126517004,0x1.1244b4p-1,0x1p-2,0x1.13de08p-5,0x0p+0
1672931042151389191,0x1.1244b4p-1,0x1p-2,0x1.13de08p-5,0x0p+0
1672931042176164460,0x1.1244b4p-1,0x1p-2,0x1.13de08p-5,0x0p+0
1672931042201866351,0x1.1244b4p-1,0x1p-2,0x1.13de08p-5,0x0p+0
1672931042226443886,0x1.1244b4p-1,0x1p-2,0x1.13de08p-5,0x0p+0
1672931042251194145,0x1.1244b4p-1,0x1p-2,0x1.13de08p-5,0x0p+0
1672931042276274004,0x1.1244b4p-1,0x1p-2,0x1.13de08p-5,0x0p+0
1672931042301199648,0x1.1244b4p-1,0x1p-2,0x1.13de08p-5,0x0p+0
1672931042326524606,0x1.1244b4p-1,0x1p-2,0x1.13de08p-5,0x0p+0
1672931042351429915,0x1.1244b4p-1,0x1p-2,0x1.13de08p-5,0x0p+0
1672931042376227276,0x1.1244b4p-1,0x1p-2,0x1.13de08p-5,0x0p+0
1672931042401338837,0x1.1244b4p-1,0x1p-2,0x1.13de08p-5,0x0p+0
1672931042426498834,0x1.1244b4p-1,0x1p-2,0x1.13de08p-5,0x0p+0
1672931042451207629,0x1.1244b4p-1,0x1p-2,0x1.13de08p-5,0x0p+0
1672931042476208244,0x1.1244b4p-1,0x1p-2,0x1.13de08p-5,0x0p+0
1672931042501487086,0x1.1244b4p-1,0x1p-2,0x1.13de08p-5,0x0p+0
1672931042526396200,0x1.1244b4p-1,0x1p-2,0x1.13de08p-5,0x0p+0
1672931042551143984,0x1.1244b4p-1,0x1p-2,0x1.13de08p-5,0x0p+0
1672931042576317030,0x1.1244b4p-1,0x1p-2,0x1.13de08p-5,0x0p+0
1672931042601215210,0x1.1244b4p-1,0x1p-2,0x1.13de08p-5,0x0p+0
1672931042626416475,0x1.1244b4p-1,0x1p-2,0x1.13de08p-5,0x0p+0
1672931042651300063,0x1.1244b4p-1,0x1p-2,0x1.13de08p-5,0x0p+0
1672931042678216869,0x1.1244b4p-1,0x1p-2,0x1.13de08p-5,0x0p+0
1672931042701335281,0x1.1244b4p-1,0x1p-2,0x1.13de08p-5,0x0p+0
1672931042726329701,0x1.1244b4p-1,0x1p-2,0x1.13de08p-5,0x0p+0
1672931042752638553,0x1.1244b4p-1,0x1p-2,0x1.13de08p-5,0x0p+0
1672931042776926124,0x1.1244b4p-1,0x1p-2,0x1.13de08p-5,0x0p+0
1672931042801315695,0x1.1244b4p-1,0x1p-2,0x1.13de08p-5,0x0p+0
1672931042826384074,0x1.1244b4p-1,0x1p-2,0x1.13de08p-5,0x0p+0
1672931042851264214,0x1.1244b4p-1,0x1p-2,0x1.13de08p-5,0x0p+0
1672931042876230339,0x1.1244b4p-1,0x1p-2,0x1.13de08p-5,0x0p+0
1672931042901310808,0x1.1244b4p-1,0x1p-2,0x1.13de08p-5,0x0p+0
1672931042926226589,0x1.1244b4p-1,0x1p-2,0x1.13de08p-5,0x0p+0
1672931042951173875,0x1.1244b4p-1,0x1p-2,0x1.13de08p-5,0x0p+0
1672931042976252875,0x1.1244b4p-1,0x1p-2,0x1.13de08p-5,0x0p+0
1672931043001215892,0x1.1244b4p-1,0x1p-2,0x1.13de08p-5,0x0p+0
1672931043026264656,0x1.1244b4p-1,0x1p-2,0x1.13de08p-5,0x0p+0
1672931043051168834,0x1.1244b4p-1,0x1p-2,0x1.13de08p-5,0x0p+0
1672931043076176139,0x1.1244b4p-1,0x1p-2,0x1.13de08p-5,0x0p+0
1672931043101472281,0x1.1244b4p-1,0x1p-2,0x1.13de08p-5,0x0p+0
1672931043126466565,0x1.1244b4p-1,0x1p-2,0x1.13de08p-5,0x0p+0
1672931043151381195,0x1.1244b4p-1,0x1p-2,0x1.13de08p-5,0x0p+0
1672931043176307874,0x1.1244b4p-1,0x1p-2,0x1.13de08p-5,0x0p+0
1672931043201154261,0x1.1244b4p-1,0x1p-2,0x1.13de08p-5,0x0p+0
1672931043226325763,0x1.1244b4p-1,0x1p-2,0x1.13de08p-5,0x0p+0
1672931043251279007,0x1.1244b4p-1,0x1p-2,0x1.13de08p-5,0x0p+0
1672931043276157033,0x1.1244b4p-1,0x1p-2,0x1.13de08p-5,0x0p+0
1672931043301181359,0x1.1244b4p-1,0x1p-2,0x1.13de08p-5,0x0p+0
1672931043326341955,0x1.1244b4p-1,0x1p-2,0x1.13de08p-5,0x0p+0
1672931043351223330,0x1.1244b4p-1,0x1p-2,0x1.13de08p-5,0x0p+0
1672931043376142274,0x1.1244b4p-1,0x1p-2,0x1.13de08p-5,0x0p+0
1672931043401188815,0x1.1244b4p-1,0x1p-2,0x1.13de08p-5,0x0p+0
1672931043426341842,0x1.1244b4p-1,0x1p-2,0x1.13de08p-5,0x0p+0
1672931043451203667,0x1.1244b4p-1,0x1p-2,0x1.13de08p-5,0x0p+0
1672931043476547450,0x1.1244b4p-1,0x1p-2,0x1.13de08p-5,0x0p+0
1672931043501121977,0x1.1244b4p-1,0x1p-2,0x1.13de08p-5,0x0p+0
1672931043526319907,0x1.1244b4p-1,0x1p-2,0x1.13de08p-5,0x0p+0
1672931043551239837,0x1.1244b4p-1,0x1p-2,0x1.13de08p-5,0x0p+0
1672931043576259108,0x1.1244b4p-1,0x1p-2,0x1.13de08p-5,0x0p+0
1672931043601204556,0x1.1244b4p-1,0x1p-2,0x1.13de08p-5,0x0p+0
1672931043626385226,0x1.1244b4p-1,0x1p-2,0x1.13de08p-5,0x0p+0
1672931043651191859,0x1.1244b4p-1,0x1p-2,0x1.13de08p-5,0x0p+0
1672931043676175352,0x1.1244b4p-1,0x1p-2,0x1.13de08p-5,0x0p+0
1672931043701154006,0x1.1244b4p-1,0x1p-2,0x1.13de08p-5,0x0p+0
1672931043726119638,0x1.1244b4p-1,0x1p-2,0x1.13de08p-5,0x0p+0
1672931043751007858,0x1.1244b4p-1,0x1p-2,0x1.13de08p-5,0x0p+0
1672931043776211883,0x1.1244b4p-1,0x1p-2,0x1.13de08p-5,0x0p+0
1672931043801422268,0x1.1244b4p-1,0x1p-2,0x1.13de08p-5,0x0p+0
1672931043826307395,0x1.1244b4p-1,0x1p-2,0x1.13de08p-5,0x0p+0
1672931043851306140,0x1.1244b4p-1,0x1p-2,0x1.13de08p-5,0x0p+0
1672931043876165951,0x1.1244b4p-1,0x1p-2,0x1.13de08p-5,0x0p+0
1672931043901268294,0x1.1244b4p-1,0x1p-2,0x1.13de08p-5,0x0p+0
1672931043926342110,0x1.1244b4p-1,0x1p-2,0x1.13de08p-5,0x0p+0
1672931043951279962,0x1.1244b4p-1,0x1p-2,0x1.13de08p-5,0x0p+0
1672931043976265043,0x1.1244b4p-1,0x1p-2,0x1.13de08p-5,0x0p+0
1672931044001210486,0x1.1244b4p-1,0x1p-2,0x1.13de08p-5,0x0p+0
1672931044026685621,0x1.1244b4p-1,0x1p-2,0x1.13de08p-5,0x0p+0
1672931044051237618,0x1.1244b4p-1,0x1p-2,0x1.13de08p-5,0x0p+0
1672931044076138919,0x1.1244b4p-1,0x1p-2,0x1.13de08p-5,0x0p+0
1672931044101205346,0x1.1244b4p-1,0x1p-2,0x1.13de08p-5,0x0p+0
1672931044126351933,0x1.1244b4p-1,0x1p-2,0x1.13de08p-5,0x0p+0
1672931044151165931,0x1.1244b4p-1,0x1p-2,0x1.13de08p-5,0x0p+0
1672931044176262538,0x1.1244b4p-1,0x1p-2,0x1.13de08p-5,0x0p+0
1672931044201224603,0x1.1244b4p-1,0x1p-2,0x1.13de08p-5,0x0p+0
1672931044226256828,0x1.1244cp-1,0x1.000004p-2,0x1.13de14p-5,0x0p+0
1672931044251389448,0x1.124502p-1,0x1.000004p-2,0x1.13de5ep-5,0x0p+0
1672931044278046753,0x1.124566p-1,0x1.000004p-2,0x1.13df2cp-5,0x0p+0
1672931044301183913,0x1.1246bp-1,0x1.000004p-2,0x1.13e0aap-5,0x0p+0
1672931044326317415,0x1.1248bep-1,0x1.000004p-2,0x1.13e32p-5,0x0p+0
1672931044351244440,0x1.124b96p-1,0x1.000004p-2,0x1.13e6acp-5,0x0p+0
1672931044376221023,0x1.124f3ap-1,0x1.000004p-2,0x1.13eb5cp-5,0x0p+0
1672931044401268607,0x1.124924p-1,0x1.000004p-2,0x1.13f2cp-5,0x0p+0
1672931044426328074,0x1.124e16p-1,0x1.000004p-2,0x1.13f9aap-5,0x0p+0
1672931044451376773,0x1.125388p-1,0x1.000004p-2,0x1.140194p-5,0x0p+0
1672931044476472552,0x1.12595cp-1,0x1.000004p-2,0x1.140a6ep-5,0x0p+0
1672931044501269383,0x1.123422p-1,0x1.000002p-2,0x1.141aa8p-5,0x0p+0
1672931044526238512,0x1.123a6cp-1,0x1.000002p-2,0x1.14251ap-5,0x0p+0
1672931044551254272,0x1.1240ccp-1,0x1.000002p-2,0x1.14302ap-5,0x0p+0
1672931044576348294,0x1.12473p-1,0x1.000002p-2,0x1.143bd2p-5,0x0p+0
1672931044601152905,0x1.15ed62p-1,0x1.ffff48p-3,0x1.13cc32p-5,0x0p+0
1672931044626270483,0x1.15f44ap-1,0x1.ffff48p-3,0x1.13d8d8p-5,0x0p+0
1672931044651107745,0x1.15fb14p-1,0x1.ffff48p-3,0x1.13e5cep-5,0x0p+0
1672931044676216477,0x1.1601c2p-1,0x1.ffff48p-3,0x1.13f31p-5,0x0p+0
1672931044701186073,0x1.176cc6p-1,0x1.041578p-2,0x1.14064cp-5,0x0p+0
1672931044726270762,0x1.17734cp-1,0x1.041578p-2,0x1.1413f2p-5,0x0p+0
1672931044751317385,0x1.17798cp-1,0x1.041578p-2,0x1.1421b2p-5,0x0p+0
1672931044776090700,0x1.177f88p-1,0x1.041578p-2,0x1.142f94p-5,0x0p+0
1672931044801194138,0x1.178c58p-1,0x1.0bc282p-2,0x1.144994p-5,0x0p+0
1672931044826122216,0x1.1791bap-1,0x1.0bc282p-2,0x1.1457a8p-5,0x0p+0
1672931044851458360,0x1.1796c6p-1,0x1.0bc282p-2,0x1.1465b6p-5,0x0p+0
1672931044876329767,0x1.179b86p-1,0x1.0bc282p-2,0x1.1473dep-5,0x0p+0
1672931044901320514,0x1.10e2cp-1,0x1.19046ap-2,0x1.15798ep-5,0x0p+0
1672931044926346774,0x1.10e47ep-1,0x1.19046ap-2,0x1.158828p-5,0x0p+0
1672931044951433825,0x1.10e5d2p-1,0x1.19046ap-2,0x1.1596dap-5,0x0p+0
1672931044976182906,0x1.10e6c6p-1,0x1.19046ap-2,0x1.15a5a8p-5,0x0p+0
1672931045001233804,0x1.1289c8p-1,0x1.2e1c58p-2,0x1.160b2p-5,0x0p+0
1672931045026186225,0x1.128afcp-1,0x1.2e1c58p-2,0x1.161a66p-5,0x0p+0
1672931045052498907,0x1.128c28p-1,0x1.2e1c58p-2,0x1.1629bap-5,0x0p+0
1672931045076340039,0x1.128d54p-1,0x1.2e1c58p-2,0x1.16394p-5,0x0p+0
1672931045101271140,0x1.1887p-1,0x1.4d1ec2p-2,0x1.15767ap-5,0x0p+0
1672931045126294683,0x1.188b06p-1,0x1.4d1ec2p-2,0x1.1585c4p-5,0x0p+0
1672931045151393295,0x1.188f0ep-1,0x1.4d1ec2p-2,0x1.15952p-5,0x0p+0
1672931045176443242,0x1.18932p-1,0x1.4d1ec2p-2,0x1.15a4ap-5,0x0p+0
1672931045201308291,0x1.1a77ap-1,0x1.77ae7ap-2,0x1.1617d6p-5,0x0p+0
1672931045226349174,0x1.1a7c6ap-1,0x1.77ae7ap-2,0x1.1627d6p-5,0x0p+0
1672931045251337227,0x1.1a80ecp-1,0x1.77ae7ap-2,0x1.1637eep-5,0x0p+0
1672931045276275576,0x1.1a853p-1,0x1.77ae7ap-2,0x1.164832p-5,0x0p+0
1672931045301261201,0x1.1a893cp-1,0x1.77ae7ap-2,0x1.16588ep-5,0x0p+0
1672931045326304557,0x1.1a8cfp-1,0x1.77ae7ap-2,0x1.16691ep-5,0x0p+0
1672931045351374882,0x1.1a904cp-1,0x1.77ae7ap-2,0x1.1679cap-5,0x0p+0
1672931045376378154,0x1.1a9362p-1,0x1.fb08dcp-2,0x1.168ab6p-5,0x0p+0
1672931045401388729,0x1.1a9634p-1,0x1.fb08dcp-2,0x1.169bf8p-5,0x0p+0
1672931045426505519,0x1.1a98c2p-1,0x1.fb08dcp-2,0x1.16ad8p-5,0x0p+0
1672931045451212604,0x1.1a9b16p-1,0x1.fb08dcp-2,0x1.16bf4cp-5,0x0p+0
1672931045476319713,0x1.0845fcp-1,0x1.1b69bep-1,0x1.11007ap-5,0x0p+0
1672931045501342741,0x1.083aaep-1,0x1.1b69d8p-1,0x1.1108fcp-5,0x0p+0
1672931045526479014,0x1.082ebcp-1,0x1.1b69d8p-1,0x1.111178p-5,0x0p+0
1672931045551450436,0x1.08224p-1,0x1.1b69d8p-1,0x1.1119f2p-5,0x0p+0
1672931045576450472,0x1.081536p-1,0x1.1b69d8p-1,0x1.112276p-5,0x0p+0
1672931045601449185,0x1.0ad842p-1,0x1.45a64p-1,0x1.1ea938p-5,0x0p+0
1672931045626495653,0x1.0acf9ep-1,0x1.45a64p-1,0x1.1ec80ap-5,0x0p+0
1672931045651230749,0x1.0ac7fep-1,0x1.45a64p-1,0x1.1ee7ap-5,0x0p+0
1672931045676504959,0x1.0ac15p-1,0x1.45a64p-1,0x1.1f07fp-5,0x0p+0
1672931045701371347,0x1.0ee886p-1,0x1.717ed6p-1,0x1.1dbeb6p-5,0x0p+0
1672931045726313063,0x1.0ee6fep-1,0x1.717ed6p-1,0x1.1dde4p-5,0x0p+0
1672931045751262574,0x1.0ee606p-1,0x1.717ed6p-1,0x1.1dfefp-5,0x0p+0
1672931045776331883,0x1.0ee592p-1,0x1.717ed6p-1,0x1.1e2158p-5,0x0p+0
1672931045801380547,0x1.0b3748p-1,0x1.9d6f08p-1,0x1.21073cp-5,0x0p+0
1672931045826431882,0x1.0b33bp-1,0x1.9d6f08p-1,0x1.2131e4p-5,0x0p+0
1672931045851231333,0x1.0b2ffcp-1,0x1.9d6f08p-1,0x1.215e42p-5,0x0p+0
1672931045876239987,0x1.0b2c2ep-1,0x1.9d6f08p-1,0x1.218b4cp-5,0x0p+0
1672931045901275305,0x1.0b5ca4p-1,0x1.c8daa2p-1,0x1.2097bp-5,0x0p+0
1672931045926337259,0x1.0b594p-1,0x1.c8daa2p-1,0x1.20c1b2p-5,0x0p+0
1672931045951281715,0x1.0b5634p-1,0x1.c8daa2p-1,0x1.20eb16p-5,0x0p+0
1672931045976154745,0x1.0b536ep-1,0x1.c8daa2p-1,0x1.211456p-5,0x0p+0
1672931046001273168,0x1.0571ecp-1,0x1.f398ccp-1,0x1.24dbfap-5,0x0p+0
1672931046026355831,0x1.0568eap-1,0x1.f398ccp-1,0x1.250cfcp-5,0x0p+0
1672931046051121857,0x1.055ff4p-1,0x1.f398ccp-1,0x1.253e24p-5,0x0p+0
1672931046076162839,0x1.0556fcp-1,0x1.12c984p+0,0x1.256f8p-5,0x0p+0
1672931046101316835,0x1.00e9fap-1,0x1.0eda94p+0,0x1.2a0f66p-5,0x0p+0
1672931046126315630,0x1.00dc8cp-1,0x1.0eda94p+0,0x1.2a4abap-5,0x0p+0
1672931046151324083,0x1.00cfc4p-1,0x1.0eda94p+0,0x1.2a861cp-5,0x0p+0
1672931046176152031,0x1.00c37cp-1,0x1.26028ap+0,0x1.2ac226p-5,0x0p+0
1672931046201179655,0x1.e8feccp-2,0x1.2391f2p+0,0x1.36ea26p-5,0x0p+0
1672931046226239276,0x1.e8cb16p-2,0x1.2391f2p+0,0x1.3743a8p-5,0x0p+0
1672931046251284701,0x1.e898b6p-2,0x1.2391f2p+0,0x1.379e7p-5,0x0p+0
1672931046276149644,0x1.e8672ep-2,0x1.38920cp+0,0x1.37faaap-5,0x0p+0
1672931046303206476,0x1.e83668p-2,0x1.38920cp+0,0x1.3857fap-5,0x0p+0
1672931046326414342,0x1.e80a04p-2,0x1.38920cp+0,0x1.38b684p-5,0x0p+0
1672931046351325722,0x1.e7e1cep-2,0x1.38920cp+0,0x1.3915eap-5,0x0p+0
1672931046376204869,0x1.e7bd2ap-2,0x1.4b602cp+0,0x1.397642p-5,0x0p+0
1672931046401238968,0x1.e79bd8p-2,0x1.4b602cp+0,0x1.39d6f6p-5,0x0p+0
1672931046426209041,0x1.c2d8f6p-2,0x1.536542p+0,0x1.5c898ap-5,0x0p+0
1672931046451384424,0x1.c28c5ep-2,0x1.536542p+0,0x1.5d43f4p-5,0x0p+0
1672931046476194827,0x1.c240d2p-2,0x1.536542p+0,0x1.5e007ap-5,0x0p+0
1672931046502175891,0x1.a183aep-2,0x1.5beca6p+0,0x1.8053c4p-5,0x0p+0
1672931046526331435,0x1.a112p-2,0x1.5beca6p+0,0x1.8161b4p-5,0x0p+0
1672931046551423220,0x1.a0a62cp-2,0x1.6c463p+0,0x1.8271fp-5,0x0p+0
1672931046576204933,0x1.a03eeap-2,0x1.6c463p+0,0x1.838674p-5,0x0p+0
1672931046601465361,0x1.89ad4p-2,0x1.6c9f86p+0,0x1.9f2d6ap-5,0x0p+0
1672931046626338185,0x1.89381ap-2,0x1.6c9f86p+0,0x1.a08876p-5,0x0p+0
1672931046651247839,0x1.88cad2p-2,0x1.7c0b36p+0,0x1.a1e7f8p-5,0x0p+0
1672931046676245323,0x1.8863e2p-2,0x1.7c0b36p+0,0x1.a34e94p-5,0x0p+0
1672931046701145947,0x1.6f368ap-2,0x1.7c5b6ep+0,0x1.cf172ep-5,0x0p+0
1672931046726319684,0x1.6ec142p-2,0x1.7c5b6ep+0,0x1.d0de44p-5,0x0p+0
1672931046751483316,0x1.6e5334p-2,0x1.8ad2dp+0,0x1.d2a67p-5,0x0p+0
1672931046776267722,0x1.6deb3cp-2,0x1.8ad2dp+0,0x1.d46dccp-5,0x0p+0
1672931046801319776,0x1.5892eap-2,0x1.8b176p+0,0x1.020164p-4,0x0p+0
1672931046826231307,0x1.58214p-2,0x1.8b176p+0,0x1.0313dep-4,0x0p+0
1672931046851274410,0x1.57b77cp-2,0x1.989346p+0,0x1.0424bap-4,0x0p+0
1672931046876184162,0x1.575412p-2,0x1.989346p+0,0x1.0534c4p-4,0x0p+0
1672931046903181739,0x1.423272p-2,0x1.98ccf4p+0,0x1.22633p-4,0x0p+0
1672931046926740982,0x1.400e6ep-2,0x1.98ccf4p+0,0x1.26387cp-4,0x0p+0
1672931046951310104,0x1.3df182p-2,0x1.a6c83ap+0,0x1.2a061cp-4,0x0p+0
1672931046976217161,0x1.3cdd52p-2,0x1.a6c83ap+0,0x1.2c576ap-4,0x0p+0
1672931047001799948,0x1.39c0ccp-2,0x1.a6fce2p+0,0x1.31fca8p-4,0x0p+0
1672931047026466925,0x1.37afdp-2,0x1.a6fce2p+0,0x1.3624b4p-4,0x0p+0
1672931047051465325,0x1.35a486p-2,0x1.b4d78ap+0,0x1.3a5beap-4,0x0p+0
1672931047076301471,0x1.339e32p-2,0x1.b4d78ap+0,0x1.3e8a1ap-4,0x0p+0
1672931047101428996,0x1.319c2ap-2,0x1.b506b6p+0,0x1.42d4fp-4,0x0p+0
1672931047126298491,0x1.2f9dfep-2,0x1.b506b6p+0,0x1.470b7p-4,0x0p+0
1672931047151329498,0x1.2da394p-2,0x1.c23592p+0,0x1.4b81ecp-4,0x0p+0
1672931047176243369,0x1.2bacaep-2,0x1.c23592p+0,0x1.5006a6p-4,0x0p+0
1672931047201429587,0x1.29b896p-2,0x1.c25cc8p+0,0x1.5487f8p-4,0x0p+0
1672931047226489137,0x1.27c698p-2,0x1.c25cc8p+0,0x1.59017cp-4,0x0p+0
1672931047251352322,0x1.25d89ep-2,0x1.cf95dp+0,0x1.5d85d6p-4,0x0p+0
1672931047276206672,0x1.23ece6p-2,0x1.cf95dp+0,0x1.624c3p-4,0x0p+0
1672931047302726348,0x1.22020ep-2,0x1.cfb8ccp+0,0x1.670b4ep-4,0x0p+0
1672931047326305833,0x1.2019f6p-2,0x1.cfb8ccp+0,0x1.6bbc1ep-4,0x0p+0
1672931047351308282,0x1.1e3532p-2,0x1.dc45d6p+0,0x1.7075cap-4,0x0p+0
1672931047376308563,0x1.1c50eap-2,0x1.dc45d6p+0,0x1.757f16p-4,0x0p+0
1672931047401201528,0x1.1a6ddap-2,0x1.dc45d6p+0,0x1.7a7accp-4,0x0p+0
1672931047426212801,0x1.188cf2p-2,0x1.dc45d6p+0,0x1.7f6618p-4,0x0p+0
1672931047451136952,0x1.16ae9cp-2,0x1.e7dc16p+0,0x1.8479dcp-4,0x0p+0
1672931047476069281,0x1.14d066p-2,0x1.e7dc16p+0,0x1.89c4ecp-4,0x0p+0
1672931047502611129,0x1.138e56p-2,0x1.eb351ap+0,0x1.88ebbp-4,0x0p+0
1672931047526393558,0x1.11b476p-2,0x1.eb351ap+0,0x1.8e3444p-4,0x0p+0
1672931047551120563,0x1.0fdb3ap-2,0x1.eb351ap+0,0x1.938bf8p-4,0x0p+0
1672931047576226225,0x1.0e02f4p-2,0x1.f699b4p+0,0x1.99463ep-4,0x0p+0
1672931047601219796,0x1.0c2afep-2,0x1.f3d68cp+0,0x1.9eb08cp-4,0x0p+0
1672931047626309434,0x1.0a54bap-2,0x1.f3d68cp+0,0x1.a4a544p-4,0x0p+0
1672931047651142418,0x1.088106p-2,0x1.fea7bap+0,0x1.aa84bcp-4,0x0p+0
1672931047676189212,0x1.06aceep-2,0x1.fea7bap+0,0x1.b05814p-4,0x0p+0
1672931047701050318,0x1.04db2ep-2,0x1.febb28p+0,0x1.b66a3ep-4,0x0p+0
1672931047727973080,0x1.03082ap-2,0x1.febb28p+0,0x1.bc9e3cp-4,0x0p+0
1672931047751261983,0x1.013982p-2,0x1.045a24p+1,0x1.c2b54p-4,0x0p+0
1672931047776157741,0x1.fed55p-3,0x1.045a24p+1,0x1.c8f29cp-4,0x0p+0
1672931047801068175,0x1.fb3a96p-3,0x1.04628cp+1,0x1.cf9edap-4,0x0p+0
1672931047826242150,0x1.f79eaap-3,0x1.04628cp+1,0x1.d609acp-4,0x0p+0
1672931047851076320,0x1.f40a98p-3,0x1.096e8cp+1,0x1.dcbbfep-4,0x0p+0
1672931047876238400,0x1.f07556p-3,0x1.096e8cp+1,0x1.e3b226p-4,0x0p+0
1672931047902073624,0x1.ece43ap-3,0x1.097686p+1,0x1.ea4a5p-4,0x0p+0
1672931047926952850,0x1.e95592p-3,0x1.097686p+1,0x1.f18fd2p-4,0x0p+0
1672931047951143916,0x1.e5cbb2p-3,0x1.0e432p+1,0x1.f8bd0ap-4,0x0p+0
1672931047976207640,0x1.e242c8p-3,0x1.0e432p+1,0x1.ffd808p-4,0x0p+0
1672931048002095303,0x1.debbdap-3,0x1.0e49dep+1,0x1.03a54ap-3,0x0p+0
1672931048026399032,0x1.db36dp-3,0x1.0e49dep+1,0x1.0757dcp-3,0x0p+0
1672931048051115812,0x1.d7b7c8p-3,0x1.12c46ep+1,0x1.0afb28p-3,0x0p+0
1672931048076199893,0x1.d439d6p-3,0x1.12c46ep+1,0x1.0ee13ap-3,0x0p+0
1672931048101264596,0x1.d0bf8ap-3,0x1.12caa2p+1,0x1.12aed6p-3,0x0p+0
1672931048126370639,0x1.cd46f8p-3,0x1.12caa2p+1,0x1.169bd4p-3,0x0p+0
1672931048151175928,0x1.c9d272p-3,0x1.16ef62p+1,0x1.1aa004p-3,0x0p+0
1672931048176068891,0x1.c66086p-3,0x1.16ef62p+1,0x1.1e96d8p-3,0x0p+0
1672931048201095140,0x1.c2f27ep-3,0x1.16f4b2p+1,0x1.22a2cp-3,0x0p+0
1672931048226253677,0x1.bf86aep-3,0x1.16f4b2p+1,0x1.26b1a8p-3,0x0p+0
1672931048251286914,0x1.bc1e4ep-3,0x1.1ac236p+1,0x1.2ab13p-3,0x0p+0
1672931048276118734,0x1.b8b988p-3,0x1.1ac236p+1,0x1.2ee652p-3,0x0p+0
1672931048301722251,0x1.b5584ep-3,0x1.1ac6d6p+1,0x1.3302f8p-3,0x0p+0
1672931048326380207,0x1.b1f752p-3,0x1.1ac6d6p+1,0x1.374e52p-3,0x0p+0
1672931048351264130,0x1.ae9e72p-3,0x1.1e3caap+1,0x1.3b9adp-3,0x0p+0
1672931048376116329,0x1.ab4742p-3,0x1.1e3caap+1,0x1.3fd84ep-3,0x0p+0
1672931048401119881,0x1.a7f348p-3,0x1.1e3caap+1,0x1.440a16p-3,0x0p+0
1672931048426398671,0x1.a4a286p-3,0x1.1e3caap+1,0x1.488668p-3,0x0p+0
1672931048451227935,0x1.a155ap-3,0x1.215754p+1,0x1.4cef8p-3,0x0p+0
1672931048476135242,0x1.9e0ccep-3,0x1.215754p+1,0x1.5144d8p-3,0x0p+0
1672931048501275250,0x1.9ac778p-3,0x1.215754p+1,0x1.55b27p-3,0x0p+0
1672931048526379025,0x1.975a3p-3,0x1.22d4d4p+1,0x1.5ab884p-3,0x0p+0
1672931048551434904,0x1.941d0ep-3,0x1.22d4d4p+1,0x1.5f193cp-3,0x0p+0
1672931048576070071,0x1.90e2d6p-3,0x1.22d4d4p+1,0x1.63c828p-3,0x0p+0
1672931048601117043,0x1.8dac5ap-3,0x1.241e5ep+1,0x1.6858bp-3,0x0p+0
1672931048626267060,0x1.8a7966p-3,0x1.241e5ep+1,0x1.6ccb4p-3,0x0p+0
1672931048651257184,0x1.874af6p-3,0x1.2684b2p+1,0x1.71978cp-3,0x0p+0
1672931048676124712,0x1.841f7p-3,0x1.2684b2p+1,0x1.764f44p-3,0x0p+0
1672931048701361118,0x1.80f8dp-3,0x1.26877ap+1,0x1.7b0318p-3,0x0p+0
1672931048726132531,0x1.7dd29ap-3,0x1.26877ap+1,0x1.7fc40ap-3,0x0p+0
1672931048752215457,0x1.7ab5dp-3,0x1.28932cp+1,0x1.846486p-3,0x0p+0
1672931048776075081,0x1.779b28p-3,0x1.28932cp+1,0x1.894a24p-3,0x0p+0
1672931048801146296,0x1.7483eap-3,0x1.28959ep+1,0x1.8e0c1ep-3,0x0p+0
1672931048826384284,0x1.716f08p-3,0x1.28959ep+1,0x1.9318b6p-3,0x0p+0
1672931048851298682,0x1.6e6136p-3,0x1.2a4326p+1,0x1.9805aep-3,0x0p+0
1672931048876322271,0x1.6b56fep-3,0x1.2a4326p+1,0x1.9cd87cp-3,0x0p+0
1672931048901231681,0x1.68505ep-3,0x1.2a459p+1,0x1.a1e17p-3,0x0p+0
1672931048926247948,0x1.654c08p-3,0x1.2a459p+1,0x1.a6c022p-3,0x0p+0
1672931048951419999,0x1.624f1ep-3,0x1.2b95fp+1,0x1.abe254p-3,0x0p+0
1672931048976178583,0x1.5f5526p-3,0x1.2b95fp+1,0x1.b0e96p-3,0x0p+0
1672931049001352263,0x1.5c5d6p-3,0x1.2b9798p+1,0x1.b5f0e4p-3,0x0p+0
1672931049026259454,0x1.596b96p-3,0x1.2b9798p+1,0x1.bae66ep-3,0x0p+0
1672931049051023009,0x1.567fb8p-3,0x1.2c98e6p+1,0x1.bfc968p-3,0x0p+0
1672931049076106133,0x1.539658p-3,0x1.2c98e6p+1,0x1.c4f00cp-3,0x0p+0
1672931049101259760,0x1.50b172p-3,0x1.2c9a0ap+1,0x1.c9ea94p-3,0x0p+0
1672931049126296656,0x1.4dcef2p-3,0x1.2c9a0ap+1,0x1.cefdfp-3,0x0p+0
1672931049151325161,0x1.4af40ap-3,0x1.2d38a8p+1,0x1.d3eb4ep-3,0x0p+0
1672931049176112105,0x1.481bd8p-3,0x1.2d38a8p+1,0x1.d8d28ep-3,0x0p+0
1672931049201365754,0x1.4546a8p-3,0x1.2d393ep+1,0x1.ddcb6cp-3,0x0p+0
1672931049226403582,0x1.42772p-3,0x1.2d393ep+1,0x1.e2f294p-3,0x0p+0
1672931049251071898,0x1.3fad4ep-3,0x1.2d72dp+1,0x1.e7fa34p-3,0x0p+0
1672931049276145134,0x1.3ce6cep-3,0x1.2d72dp+1,0x1.ece126p-3,0x0p+0
1672931049301204658,0x1.3a22dp-3,0x1.2d72b8p+1,0x1.f1e6d6p-3,0x0p+0
1672931049326386200,0x1.3764a6p-3,0x1.2d72b8p+1,0x1.f6c036p-3,0x0p+0
1672931049351127990,0x1.34ac22p-3,0x1.2d451p+1,0x1.fbdc74p-3,0x0p+0
1672931049376181464,0x1.31f6c6p-3,0x1.2d451p+1,0x1.006b4p-2,0x0p+0
1672931049401474262,0x1.2f4416p-3,0x1.2d445ap+1,0x1.02e564p-2,0x0p+0
1672931049426502649,0x1.2c972cp-3,0x1.2d445ap+1,0x1.055058p-2,0x0p+0
1672931049451511222,0x1.29ef6ap-3,0x1.2cbb84p+1,0x1.07bdeep-2,0x0p+0
1672931049476294060,0x1.274c7p-3,0x1.2cbb84p+1,0x1.0a3f1p-2,0x0p+0
1672931049501221813,0x1.24ad9ap-3,0x1.2cbb84p+1,0x1.0cad58p-2,0x0p+0
1672931049526389971,0x1.220f42p-3,0x1.2cbb84p+1,0x1.0f0c0ep-2,0x0p+0
1672931049551229462,0x1.1f0aaep-3,0x1.2c691p+1,0x1.10f148p-2,0x0p+0
1672931049576789318,0x1.1c8172p-3,0x1.2c691p+1,0x1.1368fcp-2,0x0p+0
1672931049601384304,0x1.1a05d6p-3,0x1.2c125ap+1,0x1.15c4e6p-2,0x0p+0
1672931049626502572,0x1.1787f2p-3,0x1.2c125ap+1,0x1.183ecep-2,0x0p+0
1672931049651108492,0x1.150e7ap-3,0x1.2c125ap+1,0x1.1aa46ep-2,0x0p+0
1672931049676376843,0x1.1299c4p-3,0x1.2b60cep+1,0x1.1cf5a4p-2,0x0p+0
1672931049701321362,0x1.106334p-3,0x1.2b5e4ep+1,0x1.1f623ap-2,0x0p+0
1672931049726370205,0x1.0e437ap-3,0x1.2b5e4ep+1,0x1.21e7p-2,0x0p+0
1672931049751334242,0x1.0c309cp-3,0x1.2b5e4ep+1,0x1.245a6ap-2,0x0p+0
1672931049776353099,0x1.0a2136p-3,0x1.2ab1e6p+1,0x1.26b978p-2,0x0p+0
1672931049801126184,0x1.086d6ap-3,0x1.2aaff8p+1,0x1.29267p-2,0x0p+0
1672931049826085903,0x1.0698aep-3,0x1.2aaff8p+1,0x1.2b87dp-2,0x0p+0
1672931049851308380,0x1.04f83p-3,0x1.2aaff8p+1,0x1.2e067ap-2,0x0p+0
1672931049876108916,0x1.035a86p-3,0x1.2a3798p+1,0x1.307028p-2,0x0p+0
1672931049901149496,0x1.018372p-3,0x1.2a3648p+1,0x1.32d86p-2,0x0p+0
1672931049926204409,0x1.00390ep-3,0x1.2a3648p+1,0x1.3528b6p-2,0x0p+0
1672931049951214243,0x1.fea212p-4,0x1.2a3648p+1,0x1.379352p-2,0x0p+0
1672931049976664590,0x1.fd0d92p-4,0x1.29e884p+1,0x1.39f70cp-2,0x0p+0
1672931050001415659,0x1.fafaaap-4,0x1.29e7bcp+1,0x1.3c4a2p-2,0x0p+0
1672931050026935265,0x1.f927d8p-4,0x1.29e7bcp+1,0x1.3e8d2ep-2,0x0p+0
1672931050051409296,0x1.f77dc8p-4,0x1.29e7bcp+1,0x1.40c3d8p-2,0x0p+0
1672931050076221293,0x1.f64e68p-4,0x1.29beaap+1,0x1.43017cp-2,0x0p+0
1672931050101310816,0x1.fc9ad8p-4,0x1.29be88p+1,0x1.4529c2p-2,0x0p+0
1672931050126339322,0x1.fc457p-4,0x1.29be88p+1,0x1.4742d8p-2,0x0p+0
1672931050151256968,0x1.fbf23ep-4,0x1.29be88p+1,0x1.494426p-2,0x0p+0
1672931050176609401,0x1.fc1aeep-4,0x1.29b45ap+1,0x1.4b492cp-2,0x0p+0
1672931050201340907,0x1.fed89ap-4,0x1.29b45ap+1,0x1.4d3ee2p-2,0x0p+0
1672931050226477719,0x1.ff92cap-4,0x1.29b45ap+1,0x1.4f2fecp-2,0x0p+0
1672931050251193462,0x1.002566p-3,0x1.29b45ap+1,0x1.5109c2p-2,0x0p+0
1672931050276199004,0x1.008822p-3,0x1.29b2acp+1,0x1.52d2e2p-2,0x0p+0
1672931050301247620,0x1.ffa876p-4,0x1.29b2aep+1,0x1.54a8f2p-2,0x0p+0
1672931050326451648,0x1.010d36p-3,0x1.29b2aep+1,0x1.568d22p-2,0x0p+0
1672931050351460476,0x1.02430ep-3,0x1.29b2aep+1,0x1.58595ep-2,0x0p+0
1672931050376184174,0x1.03776ap-3,0x1.29b24cp+1,0x1.5a1084p-2,0x0p+0
1672931050401166139,0x1.013f3cp-3,0x1.29b25p+1,0x1.5bcbc2p-2,0x0p+0
1672931050426516108,0x1.02867ap-3,0x1.29b25p+1,0x1.5d7e3cp-2,0x0p+0
1672931050451234981,0x1.03f9fap-3,0x1.29b25p+1,0x1.5f3122p-2,0x0p+0
1672931050476328994,0x1.056b24p-3,0x1.29b25p+1,0x1.60cebap-2,0x0p+0
1672931050501147105,0x1.07c32cp-3,0x1.29b256p+1,0x1.625be8p-2,0x0p+0
1672931050526562074,0x1.092d3cp-3,0x1.29b256p+1,0x1.63d69p-2,0x0p+0
1672931050551429351,0x1.0ac2b4p-3,0x1.29b256p+1,0x1.654c56p-2,0x0p+0
1672931050576197073,0x1.0c5d22p-3,0x1.29b298p+1,0x1.66b07p-2,0x0p+0
1672931050601322446,0x1.0df50ep-3,0x1.29b298p+1,0x1.68p-2,0x0p+0
1672931050651486900,0x1.0f8d38p-3,0x1.29b298p+1,0x1.693c52p-2,0x0p+0
1672931050653152415,0x1.115536p-3,0x1.29b228p+1,0x1.6a7454p-2,0x0p+0
1672931050676442098,0x1.0f35cep-3,0x1.29b25cp+1,0x1.6b358ep-2,0x0p+0
1672931050701241313,0x1.11474ap-3,0x1.29b25cp+1,0x1.6c4c66p-2,0x0p+0
1672931050727659721,0x1.1353bep-3,0x1.29b25cp+1,0x1.6d4e66p-2,0x0p+0
1672931050751139765,0x1.155a7ep-3,0x1.29b804p+1,0x1.6e3b6p-2,0x0p+0
1672931050776022694,0x1.17ab6ep-3,0x1.29b804p+1,0x1.6f209p-2,0x0p+0
1672931050801270656,0x1.186546p-3,0x1.29b8dap+1,0x1.6ff88ap-2,0x0p+0
1672931050828142813,0x1.1b3226p-3,0x1.29b8dap+1,0x1.70ccdep-2,0x0p+0
1672931050851235837,0x1.1df9f2p-3,0x1.29ce8ap+1,0x1.718d42p-2,0x0p+0
1672931050876160878,0x1.20bf5cp-3,0x1.29ce8ap+1,0x1.723aaep-2,0x0p+0
1672931050903182513,0x1.2bc602p-3,0x1.29cef2p+1,0x1.72e0d4p-2,0x0p+0
1672931050926738533,0x1.2f7cc4p-3,0x1.29cef2p+1,0x1.737734p-2,0x0p+0
1672931050951568796,0x1.3411bep-3,0x1.29de7ap+1,0x1.7409f8p-2,0x0p+0
1672931050978282925,0x1.38a6e4p-3,0x1.29de7ap+1,0x1.748a8ep-2,0x0p+0
1672931051001620923,0x1.3a819ap-3,0x1.29de94p+1,0x1.74fd96p-2,0x0p+0
1672931051026634608,0x1.3f3f0cp-3,0x1.29de94p+1,0x1.755facp-2,0x0p+0
1672931051051692817,0x1.445f0ap-3,0x1.29e04ap+1,0x1.75b5e8p-2,0x0p+0
1672931051076601188,0x1.4a81b4p-3,0x1.29e04ap+1,0x1.7609e8p-2,0x0p+0
1672931051101368860,0x1.4cc3dcp-3,0x1.29e05p+1,0x1.764b2p-2,0x0p+0
1672931051126617169,0x1.531d48p-3,0x1.29e05p+1,0x1.7681acp-2,0x0p+0
1672931051151487947,0x1.596bbp-3,0x1.29e096p+1,0x1.76a6bp-2,0x0p+0
1672931051176071054,0x1.601022p-3,0x1.29e096p+1,0x1.76c01cp-2,0x0p+0
1672931051201101023,0x1.62c598p-3,0x1.29e09ap+1,0x1.76d228p-2,0x0p+0
1672931051226345709,0x1.6aab5ap-3,0x1.29e09ap+1,0x1.76dfe8p-2,0x0p+0
1672931051251144622,0x1.7285b8p-3,0x1.29e0cp+1,0x1.76dcf6p-2,0x0p+0
1672931051276511554,0x1.7a636ep-3,0x1.29e0cp+1,0x1.76c98ep-2,0x0p+0
1672931051301135421,0x1.91fbcap-3,0x1.29e0c2p+1,0x1.76af54p-2,0x0p+0
1672931051326370136,0x1.9adacep-3,0x1.29e0c2p+1,0x1.7682c8p-2,0x0p+0
1672931051352952621,0x1.a4d878p-3,0x1.29e09p+1,0x1.765994p-2,0x0p+0
1672931051376262661,0x1.aedf66p-3,0x1.29e09p+1,0x1.762064p-2,0x0p+0
1672931051401177253,0x1.b1b2c8p-3,0x1.29e08cp+1,0x1.75da1p-2,0x0p+0
1672931051426196329,0x1.bbd38ep-3,0x1.29e08cp+1,0x1.7586dcp-2,0x0p+0
1672931051451167902,0x1.c5e51ap-3,0x1.29e09p+1,0x1.7524acp-2,0x0p+0
1672931051476138394,0x1.d10522p-3,0x1.29e09p+1,0x1.74c2ccp-2,0x0p+0
1672931051501131122,0x1.d44766p-3,0x1.29e09p+1,0x1.745156p-2,0x0p+0
1672931051526308731,0x1.dfbaf8p-3,0x1.29e09p+1,0x1.73d99p-2,0x0p+0
1672931051551299721,0x1.eb2eb6p-3,0x1.29e0bp+1,0x1.7352e4p-2,0x0p+0
1672931051576145351,0x1.f6a33ap-3,0x1.29e0bp+1,0x1.72bd6ep-2,0x0p+0
1672931051601481568,0x1.d56b46p-3,0x1.29de38p+1,0x1.72235ep-2,0x0p+0
1672931051626294724,0x1.db1fc2p-3,0x1.29de38p+1,0x1.717bc4p-2,0x0p+0
1672931051651129379,0x1.e0af6ep-3,0x1.29a468p+1,0x1.70d10ap-2,0x0p+0
1672931051676111636,0x1.e63402p-3,0x1.29a468p+1,0x1.7017bap-2,0x0p+0
1672931051701262715,0x1.ebaec6p-3,0x1.29a468p+1,0x1.6f4f98p-2,0x0p+0
1672931051726303811,0x1.f120a6p-3,0x1.29a468p+1,0x1.6e7cb2p-2,0x0p+0
1672931051751071871,0x1.f6794p-3,0x1.28cee8p+1,0x1.6da8d6p-2,0x0p+0
1672931051776288446,0x1.fbd2bap-3,0x1.28cee8p+1,0x1.6cc676p-2,0x0p+0
1672931051801208310,0x1.4abb9p-2,0x1.28b6fp+1,0x1.6bdc48p-2,0x0p+0
1672931051826427287,0x1.4bc6bap-2,0x1.289ff6p+1,0x1.6ae2ccp-2,0x0p+0
1672931051851240194,0x1.51a082p-2,0x1.289ff6p+1,0x1.69e4f6p-2,0x0p+0
1672931051876122766,0x1.57821ep-2,0x1.2811a4p+1,0x1.68d938p-2,0x0p+0
1672931051901171671,0x1.200f0ep-2,0x1.2830eap+1,0x1.67c15cp-2,0x0p+0
1672931051926247918,0x1.23053p-2,0x1.2830eap+1,0x1.669b78p-2,0x0p+0
1672931051951115188,0x1.25d1aap-2,0x1.27061p+1,0x1.657708p-2,0x0p+0
1672931051976088028,0x1.288c3ap-2,0x1.27061p+1,0x1.64454ap-2,0x0p+0
1672931052001407308,0x1.7f6046p-3,0x1.26ecc6p+1,0x1.630738p-2,0x0p+0
1672931052026483561,0x1.7e0598p-3,0x1.26ecc6p+1,0x1.61bf84p-2,0x0p+0
1672931052051429191,0x1.7ca1fp-3,0x1.252326p+1,0x1.606a6p-2,0x0p+0
1672931052077037130,0x1.7b4fb6p-3,0x1.252326p+1,0x1.5f0eb8p-2,0x0p+0
1672931052101337883,0x1.d1dabep-3,0x1.25115cp+1,0x1.5da68ap-2,0x0p+0
1672931052126198608,0x1.d14a38p-3,0x1.25115cp+1,0x1.5c3bdep-2,0x0p+0
1672931052151095727,0x1.d0e908p-3,0x1.242392p+1,0x1.5ac4dp-2,0x0p+0
1672931052176159314,0x1.d0b272p-3,0x1.242392p+1,0x1.5940fep-2,0x0p+0
1672931052201276039,0x1.b4fd9ep-2,0x1.2417c6p+1,0x1.57b48ap-2,0x0p+0
1672931052226899581,0x1.bbcd8p-2,0x1.2417c6p+1,0x1.561c3ep-2,0x0p+0
1672931052251319913,0x1.c28888p-2,0x1.2368e2p+1,0x1.547a7ep-2,0x0p+0
1672931052276065798,0x1.c8f9d8p-2,0x1.2368e2p+1,0x1.52d426p-2,0x0p+0
1672931052301099818,0x1.7a3472p-2,0x1.236c48p+1,0x1.51207p-2,0x0p+0
1672931052326468048,0x1.7da592p-2,0x1.236c48p+1,0x1.4f640ap-2,0x0p+0
1672931052351034956,0x1.80e56ap-2,0x1.23c232p+1,0x1.4d9beep-2,0x0p+0
1672931052376065933,0x1.83f918p-2,0x1.23c232p+1,0x1.4bc7c2p-2,0x0p+0
1672931052401198128,0x1.79adc2p-2,0x1.23c7e2p+1,0x1.49eccp-2,0x0p+0
1672931052427027897,0x1.7fcdfep-2,0x1.23c7e2p+1,0x1.4807d2p-2,0x0p+0
1672931052453316403,0x1.85b25p-2,0x1.247732p+1,0x1.461b0cp-2,0x0p+0
1672931052476420128,0x1.8b99f8p-2,0x1.247732p+1,0x1.442148p-2,0x0p+0
1672931052501344089,0x1.8c09d8p-2,0x1.24857ep+1,0x1.421d4cp-2,0x0p+0
1672931052528159018,0x1.91ce88p-2,0x1.24857ep+1,0x1.400bbep-2,0x0p+0
1672931052551221648,0x1.97910ep-2,0x1.25d044p+1,0x1.3df122p-2,0x0p+0
1672931052576370130,0x1.9cd5d6p-2,0x1.25d044p+1,0x1.3bced4p-2,0x0p+0
1672931052601328002,0x1.a21952p-2,0x1.25d044p+1,0x1.399f76p-2,0x0p+0
1672931052626511328,0x1.00dd5ap-1,0x1.25d8ecp+1,0x1.37658p-2,0x0p+0
1672931052651337266,0x1.031bd4p-1,0x1.25d8ecp+1,0x1.352276p-2,0x0p+0
1672931052676250701,0x1.055c06p-1,0x1.270a76p+1,0x1.32d27ep-2,0x0p+0
1672931052701198204,0x1.078e56p-1,0x1.270a76p+1,0x1.3077eep-2,0x0p+0
1672931052726259458,0x1.e4647ap-2,0x1.271522p+1,0x1.2e13ap-2,0x0p+0
1672931052751095329,0x1.e899b2p-2,0x1.271522p+1,0x1.2ba606p-2,0x0p+0
1672931052776193715,0x1.ec8e8ap-2,0x1.2917d8p+1,0x1.292ef8p-2,0x0p+0
1672931052801132790,0x1.f06dfep-2,0x1.2917d8p+1,0x1.26ac44p-2,0x0p+0
1672931052826179875,0x1.f43df6p-2,0x1.2917d8p+1,0x1.241baep-2,0x0p+0
1672931052851157996,0x1.f7bf22p-2,0x1.2b728cp+1,0x1.218652p-2,0x0p+0
1672931052876272155,0x1.fb09ep-2,0x1.2b728cp+1,0x1.1ee6f8p-2,0x0p+0
1672931052901237150,0x1.fe5312p-2,0x1.2b728cp+1,0x1.1c3bc8p-2,0x0p+0
1672931052926848620,0x1.00ce8ep-1,0x1.2b728cp+1,0x1.19835p-2,0x0p+0
1672931052951161664,0x1.025062p-1,0x1.2df2fap+1,0x1.16c60ep-2,0x0p+0
1672931052976207575,0x1.03b50ap-1,0x1.2df2fap+1,0x1.13ff54p-2,0x0p+0
1672931053001267982,0x1.05192cp-1,0x1.2df2fap+1,0x1.112d2ap-2,0x0p+0
1672931053026300674,0x1.067d5ep-1,0x1.2df2fap+1,0x1.0e4f0cp-2,0x0p+0
1672931053051179718,0x1.07be82p-1,0x1.308bdp+1,0x1.0b6ap-2,0x0p+0
1672931053077594629,0x1.077f88p-1,0x1.2f6dd4p+1,0x1.087e02p-2,0x0p+0
1672931053101006034,0x1.034118p-1,0x1.30d37p+1,0x1.05846cp-2,0x0p+0
1672931053126199644,0x1.0478fap-1,0x1.30d37p+1,0x1.02811p-2,0x0p+0
1672931053151073777,0x1.05afa8p-1,0x1.343fa6p+1,0x1.feedecp-3,0x0p+0
1672931053176118078,0x1.06e782p-1,0x1.343fa6p+1,0x1.f8c224p-3,0x0p+0
1672931053201190207,0x1.f03a52p-2,0x1.343e94p+1,0x1.f28a64p-3,0x0p+0
1672931053226564765,0x1.f2b77ep-2,0x1.343e94p+1,0x1.ec3588p-3,0x0p+0
1672931053251472896,0x1.f51458p-2,0x1.343e94p+1,0x1.e5d43ap-3,0x0p+0
1672931053276329435,0x1.f70db2p-2,0x1.3882ap+1,0x1.df62fap-3,0x0p+0
1672931053301197022,0x1.e4c216p-2,0x1.387aap+1,0x1.d8deaap-3,0x0p+0
1672931053326528471,0x1.e6f696p-2,0x1.387aap+1,0x1.d243a2p-3,0x0p+0
1672931053351404926,0x1.e937e2p-2,0x1.387aap+1,0x1.cb9d74p-3,0x0p+0
1672931053376331875,0x1.eb8846p-2,0x1.3d601ap+1,0x1.c4e22ap-3,0x0p+0
1672931053401148773,0x1.3f314ap-1,0x1.3d5842p+1,0x1.be1838p-3,0x0p+0
1672931053426040862,0x1.3fcacap-1,0x1.3d5842p+1,0x1.b73d38p-3,0x0p+0
1672931053452981400,0x1.402a0ep-1,0x1.3d5842p+1,0x1.b056cp-3,0x0p+0
1672931053476071751,0x1.408eeep-1,0x1.4289fp+1,0x1.a96016p-3,0x0p+0
1672931053501059172,0x1.40f8bcp-1,0x1.4289fp+1,0x1.a25b2ep-3,0x0p+0
1672931053526299230,0x1.44821ap-1,0x1.427dacp+1,0x1.9b468cp-3,0x0p+0
1672931053551131313,0x1.44ba22p-1,0x1.427dacp+1,0x1.94299cp-3,0x0p+0
1672931053576036483,0x1.44c0ccp-1,0x1.47ee3cp+1,0x1.8cfc8ep-3,0x0p+0
1672931053601094076,0x1.ce3f62p-3,0x1.47ddep+1,0x1.85c364p-3,0x0p+0
1672931053626175686,0x1.c18686p-3,0x1.47ddep+1,0x1.7e7f96p-3,0x0p+0
1672931053650917227,0x1.b48e72p-3,0x1.4ee688p+1,0x1.7736cp-3,0x0p+0
1672931053676099846,0x1.a7492p-3,0x1.4ee688p+1,0x1.6fde0ap-3,0x0p+0
1672931053701315027,0x1.8f0246p-2,0x1.4ed7d4p+1,0x1.687d54p-3,0x0p+0
1672931053726170688,0x1.8a0c1cp-2,0x1.4ed7d4p+1,0x1.5faa8cp-3,0x0p+0
1672931053751092646,0x1.85185ep-2,0x1.5732e2p+1,0x1.56b4aep-3,0x0p+0
1672931053776098638,0x1.809ae2p-2,0x1.5732e2p+1,0x1.4dd5a4p-3,0x0p+0
1672931053801117342,0x1.00339ep-1,0x1.571d32p+1,0x1.451034p-3,0x0p+0
1672931053826163409,0x1.fdd77cp-2,0x1.571d32p+1,0x1.3c5e4ap-3,0x0p+0
1672931053851223758,0x1.fb21a4p-2,0x1.571d32p+1,0x1.33bfbep-3,0x0p+0
1672931053876876696,0x1.f87078p-2,0x1.605c16p+1,0x1.2b2a78p-3,0x0p+0
1672931053901139229,0x1.f5e0eap-2,0x1.605c16p+1,0x1.229ae6p-3,0x0p+0
1672931053926253327,0x1.f306eep-2,0x1.605c16p+1,0x1.1a1682p-3,0x0p+0
1672931053951081027,0x1.effd4ep-2,0x1.6ac6f8p+1,0x1.119da8p-3,0x0p+0
1672931053975963943,0x1.3f9572p-1,0x1.656fbap+1,0x1.0a663p-3,0x0p+0
1672931054001303938,0x1.3ef41p-1,0x1.6af0dap+1,0x1.0201bp-3,0x0p+0
1672931054026246812,0x1.3e371p-1,0x1.6af0dap+1,0x1.f3568ap-4,0x0p+0
1672931054051024917,0x1.3d4484p-1,0x1.6af0dap+1,0x1.e2d1fcp-4,0x0p+0
1672931054076337774,0x1.3c3748p-1,0x1.75eaa4p+1,0x1.d264e2p-4,0x0p+0
1672931054101469717,0x1.3a6a22p-1,0x1.75d052p+1,0x1.c2027p-4,0x0p+0
1672931054126418576,0x1.3941a8p-1,0x1.75d052p+1,0x1.b1c41cp-4,0x0p+0
1672931054151532117,0x1.37c9bp-1,0x1.8061fep+1,0x1.a19cc6p-4,0x0p+0
1672931054176469612,0x1.319b68p-1,0x1.7dc778p+1,0x1.91988cp-4,0x0p+0
1672931054201450993,0x1.300738p-1,0x1.7dc778p+1,0x1.81b894p-4,0x0p+0
1672931054226526358,0x1.2e269p-1,0x1.87ae1p+1,0x1.71f6d8p-4,0x0p+0
1672931054252855977,0x1.2c2dp-1,0x1.87ae1p+1,0x1.627186p-4,0x0p+0
1672931054276460040,0x1.2bef42p-1,0x1.879c18p+1,0x1.53194p-4,0x0p+0
1672931054301400261,0x1.29cfb2p-1,0x1.879c18p+1,0x1.43e83ep-4,0x0p+0
1672931054326550164,0x1.276c62p-1,0x1.90e47ap+1,0x1.34f852p-4,0x0p+0
1672931054351506138,0x1.24fe0ap-1,0x1.90e47ap+1,0x1.264b76p-4,0x0p+0
1672931054376515089,0x1.228f5ep-1,0x1.90e47ap+1,0x1.17d2fp-4,0x0p+0
1672931054401224954,0x1.1e6344p-1,0x1.937414p+1,0x1.099abap-4,0x0p+0
1672931054426290550,0x1.1bbde4p-1,0x1.937414p+1,0x1.f73bd6p-5,0x0p+0
1672931054451231606,0x1.18d86p-1,0x1.9e639ap+1,0x1.dbc552p-5,0x0p+0
1672931054476352323,0x1.15efbap-1,0x1.9e639ap+1,0x1.c0e14ap-5,0x0p+0
1672931054501053249,0x1.113eb8p-1,0x1.9e5c5p+1,0x1.a68aap-5,0x0p+0
1672931054526212382,0x1.0e4ba6p-1,0x1.9e5c5p+1,0x1.8cb012p-5,0x0p+0
1672931054552277330,0x1.0b1df8p-1,0x1.aa74bap+1,0x1.736f6ep-5,0x0p+0
1672931054576251090,0x1.07f0f6p-1,0x1.aa74bap+1,0x1.5ac0d6p-5,0x0p+0
1672931054601061865,0x1.048812p-1,0x1.aa7562p+1,0x1.42b306p-5,0x0p+0
1672931054626240957,0x1.015c54p-1,0x1.aa7562p+1,0x1.2b2ad6p-5,0x0p+0
1672931054651406906,0x1.fbf1f6p-2,0x1.b64936p+1,0x1.14474p-5,0x0p+0
1672931054676085478,0x1.f53268p-2,0x1.b64936p+1,0x1.fbfecp-6,0x0p+0
1672931054701194899,0x1.e9977ap-2,0x1.b65026p+1,0x1.d0aaap-6,0x0p+0
1672931054726241076,0x1.e2d95cp-2,0x1.b65026p+1,0x1.a67dep-6,0x0p+0
1672931054751247032,0x1.dbb0bcp-2,0x1.c165acp+1,0x1.7da36ap-6,0x0p+0
1672931054776166028,0x1.d48e9cp-2,0x1.c165acp+1,0x1.55fd7ep-6,0x0p+0
1672931054802364396,0x1.cf4538p-2,0x1.c16dc2p+1,0x1.2f6fa8p-6,0x0p+0
1672931054826178735,0x1.c83698p-2,0x1.c16dc2p+1,0x1.0a5a02p-6,0x0p+0
1672931054851247861,0x1.c0babep-2,0x1.cbc88cp+1,0x1.ccbdf2p-7,0x0p+0
1672931054876216195,0x1.b94708p-2,0x1.cbc88cp+1,0x1.873c8p-7,0x0p+0
1672931054901288340,0x1.b07514p-2,0x1.cbce7p+1,0x1.442624p-7,0x0p+0
1672931054926262824,0x1.a90898p-2,0x1.cbce7p+1,0x1.0358fap-7,0x0p+0
1672931054951548202,0x1.a13af6p-2,0x1.d6813ap+1,0x1.89eeb6p-8,0x0p+0
1672931054976262925,0x1.9971b6p-2,0x1.d6813ap+1,0x1.11e36cp-8,0x0p+0
1672931055001070641,0x1.91c8f8p-2,0x1.d6813ap+1,0x1.3c88a6p-9,0x0p+0
1672931055027112715,0x1.89cd84p-2,0x1.d6813ap+1,0x1.7685p-11,0x0p+0
1672931055051358737,0x1.81cea6p-2,0x1.e097d4p+1,-0x1.ddac0cp-11,0x0p+0
1672931055076021212,0x1.79ee6cp-2,0x1.e097d4p+1,-0x1.4457cep-9,0x0p+0
1672931055101072590,0x1.71d542p-2,0x1.e097d4p+1,-0x1.047a22p-8,0x0p+0
1672931055126308673,0x1.699a7cp-2,0x1.e097d4p+1,-0x1.62d746p-8,0x0p+0
1672931055151728190,0x1.6185b6p-2,0x1.e9e1f2p+1,-0x1.bd050ep-8,0x0p+0
1672931055176662494,0x1.594a6ap-2,0x1.e9e1f2p+1,-0x1.09a7fep-7,0x0p+0
1672931055202436828,0x1.50bdecp-2,0x1.ec85bp+1,-0x1.32d456p-7,0x0p+0
1672931055226095590,0x1.485832p-2,0x1.ec85bp+1,-0x1.5a2ea2p-7,0x0p+0
1672931055251244109,0x1.4018f2p-2,0x1.ec85bp+1,-0x1.7f9bep-7,0x0p+0
1672931055276217841,0x1.376deep-2,0x1.f533bap+1,-0x1.a3233ap-7,0x0p+0
1672931055301258293,0x1.333dd8p-2,0x1.f310eap+1,-0x1.c4ee9p-7,0x0p+0
1672931055326152838,0x1.2ae02p-2,0x1.f310eap+1,-0x1.e4d5c4p-7,0x0p+0
1672931055351271782,0x1.2234c8p-2,0x1.fb5222p+1,-0x1.017bdp-6,0x0p+0
1672931055376121522,0x1.197ac4p-2,0x1.fb5222p+1,-0x1.0fa7bep-6,0x0p+0
1672931055400996189,0x1.0af4d8p-2,0x1.fb5912p+1,-0x1.1cf99ep-6,0x0p+0
1672931055425978026,0x1.02437p-2,0x1.fb5912p+1,-0x1.298018p-6,0x0p+0
1672931055452802206,0x1.f29bbep-3,0x1.018632p+2,-0x1.352dp-6,0x0p+0
1672931055476100109,0x1.e2f738p-3,0x1.01887cp+2,-0x1.400e28p-6,0x0p+0
1672931055501057725,0x1.d0e978p-3,0x1.01887cp+2,-0x1.4a2c72p-6,0x0p+0
1672931055526243222,0x1.bf2c7ep-3,0x1.01887cp+2,-0x1.539276p-6,0x0p+0
1672931055551288229,0x1.ad122p-3,0x1.0510fep+2,-0x1.5c2fe6p-6,0x0p+0
1672931055576143903,0x1.9aabe8p-3,0x1.0510fep+2,-0x1.641f54p-6,0x0p+0
1672931055601068000,0x1.8ec77cp-3,0x1.051362p+2,-0x1.6b5fc2p-6,0x0p+0
1672931055627942977,0x1.7cd11cp-3,0x1.051362p+2,-0x1.7201dp-6,0x0p+0
1672931055651314109,0x1.6a85d4p-3,0x1.084d02p+2,-0x1.77f862p-6,0x0p+0
1672931055676959326,0x1.57e52p-3,0x1.084d02p+2,-0x1.7d50cep-6,0x0p+0
1672931055701048605,0x1.44c594p-3,0x1.084ee4p+2,-0x1.8210aep-6,0x0p+0
1672931055726284760,0x1.326e8p-3,0x1.084ee4p+2,-0x1.864346p-6,0x0p+0
1672931055751556165,0x1.1fd7cap-3,0x1.0b4396p+2,-0x1.89da54p-6,0x0p+0
1672931055777324540,0x1.0ccd18p-3,0x1.0b4396p+2,-0x1.8ce164p-6,0x0p+0
1672931055801595365,0x1.f33aep-4,0x1.0b4524p+2,-0x1.8f64c2p-6,0x0p+0
1672931055826509065,0x1.cdfb12p-4,0x1.0b4524p+2,-0x1.9169f4p-6,0x0p+0
1672931055852826745,0x1.a85cf2p-4,0x1.0df158p+2,-0x1.92eed4p-6,0x0p+0
1672931055877068605,0x1.807496p-4,0x1.0df29p+2,-0x1.93f96cp-6,0x0p+0
1672931055901379230,0x1.5a4738p-4,0x1.0df29p+2,-0x1.949336p-6,0x0p+0
1672931055926541971,0x1.34be3ep-4,0x1.0df29p+2,-0x1.94c18p-6,0x0p+0
1672931055951534807,0x1.0fc438p-4,0x1.1056e6p+2,-0x1.948a94p-6,0x0p+0
1672931055976822810,0x1.d9f096p-5,0x1.1057bep+2,-0x1.93f3bcp-6,0x0p+0
1672931056001551594,0x1.916046p-5,0x1.1057bep+2,-0x1.92ffc2p-6,0x0p+0
1672931056026452534,0x1.4a1906p-5,0x1.1057bep+2,-0x1.91b08cp-6,0x0p+0
1672931056051527624,0x1.045c24p-5,0x1.1274d4p+2,-0x1.8ff476p-6,0x0p+0
1672931056076447132,0x1.7ed85ep-6,0x1.1274d4p+2,-0x1.8dd33cp-6,0x0p+0
1672931056101405660,0x1.ef9286p-7,0x1.1274d4p+2,-0x1.8b678p-6,0x0p+0
1672931056126507077,0x1.cc70bep-8,0x1.1274d4p+2,-0x1.88b27ap-6,0x0p+0
1672931056151422311,-0x1.dce342p-11,0x1.144b0cp+2,-0x1.85ba98p-6,0x0p+0
1672931056176355162,-0x1.1e2272p-7,0x1.144b0cp+2,-0x1.827e9p-6,0x0p+0
1672931056201627052,-0x1.0c9708p-6,0x1.144b0cp+2,-0x1.7f050ap-6,0x0p+0
1672931056226129012,-0x1.7f82c2p-6,0x1.151a82p+2,-0x1.7b4dcep-6,0x0p+0
1672931056251184336,-0x1.f8b4d6p-6,0x1.151a84p+2,-0x1.775aacp-6,0x0p+0
1672931056276031015,-0x1.390a26p-5,0x1.15d036p+2,-0x1.73344ep-6,0x0p+0
1672931056301135957,-0x1.736de6p-5,0x1.15d036p+2,-0x1.6ed5e2p-6,0x0p+0
1672931056326362997,-0x1.acb7a6p-5,0x1.15d036p+2,-0x1.6a4622p-6,0x0p+0
1672931056351343665,-0x1.e485bp-5,0x1.171bdcp+2,-0x1.6591f8p-6,0x0p+0
1672931056376026692,-0x1.106b7ep-4,0x1.171beap+2,-0x1.60b1d6p-6,0x0p+0
1672931056401115375,-0x1.2b92fcp-4,0x1.171beap+2,-0x1.5baa76p-6,0x0p+0
1672931056430896716,-0x1.462e9p-4,0x1.171beap+2,-0x1.567dc2p-6,0x0p+0
1672931056451219615,-0x1.601df6p-4,0x1.171beap+2,-0x1.51364cp-6,0x0p+0
1672931056477048592,-0x1.787378p-4,0x1.1825dp+2,-0x1.4bd3bap-6,0x0p+0
1672931056501123135,-0x1.91ab62p-4,0x1.1825dp+2,-0x1.46523ap-6,0x0p+0
1672931056526208341,-0x1.aa6208p-4,0x1.1825dp+2,-0x1.40b46p-6,0x0p+0
1672931056551139195,-0x1.c270c4p-4,0x1.1825dp+2,-0x1.3b061cp-6,0x0p+0
1672931056575861611,-0x1.da56fcp-4,0x1.18eab6p+2,-0x1.35435ap-6,0x0p+0
1672931056602533895,-0x1.f1b9ccp-4,0x1.18eab6p+2,-0x1.2f6c3cp-6,0x0p+0
1672931056626001070,-0x1.044ee2p-3,0x1.18eab6p+2,-0x1.298304p-6,0x0p+0
1672931056650915831,-0x1.0f8052p-3,0x1.18eab6p+2,-0x1.238afap-6,0x0p+0
1672931056676000760,-0x1.190ff4p-3,0x1.196c22p+2,-0x1.1d8ce6p-6,0x0p+0
1672931056701003286,-0x1.23f4a4p-3,0x1.196c22p+2,-0x1.1781d2p-6,0x0p+0
1672931056726025549,-0x1.2e9aa8p-3,0x1.196c22p+2,-0x1.116e0cp-6,0x0p+0
1672931056750942415,-0x1.39069ap-3,0x1.196c22p+2,-0x1.0b5136p-6,0x0p+0
1672931056775981399,-0x1.4442b8p-3,0x1.19a9f8p+2,-0x1.053e54p-6,0x0p+0
1672931056800965004,-0x1.4e672cp-3,0x1.19a9f8p+2,-0x1.fe4d9ep-7,0x0p+0
1672931056826033108,-0x1.58549p-3,0x1.19a9f8p+2,-0x1.f21626p-7,0x0p+0
1672931056850994707,-0x1.620aa2p-3,0x1.19a9f8p+2,-0x1.e5dab2p-7,0x0p+0
1672931056876022400,-0x1.6b8a96p-3,0x1.19a67p+2,-0x1.d9bebep-7,0x0p+0
1672931056901160991,-0x1.7502ecp-3,0x1.19a67p+2,-0x1.cda476p-7,0x0p+0
1672931056926407988,-0x1.7e461p-3,0x1.19a67p+2,-0x1.c18e02p-7,0x0p+0
1672931056951135457,-0x1.8751f4p-3,0x1.19a67p+2,-0x1.b5822ap-7,0x0p+0
1672931056975937891,-0x1.8f366p-3,0x1.195f06p+2,-0x1.a9947ep-7,0x0p+0
1672931057001121648,-0x1.980bep-3,0x1.195f06p+2,-0x1.9db05p-7,0x0p+0
1672931057026195024,-0x1.a0b49p-3,0x1.195f06p+2,-0x1.91d25p-7,0x0p+0
1672931057051117129,-0x1.a922f8p-3,0x1.195f06p+2,-0x1.86108p-7,0x0p+0
1672931057075939309,-0x1.b1de9cp-3,0x1.18d526p+2,-0x1.7a6b3p-7,0x0p+0
1672931057101073599,-0x1.ba2106p-3,0x1.18d526p+2,-0x1.6ed188p-7,0x0p+0
1672931057126033367,-0x1.c2347ap-3,0x1.18d526p+2,-0x1.634d16p-7,0x0p+0
1672931057151321654,-0x1.ca18ecp-3,0x1.18d526p+2,-0x1.57e0a6p-7,0x0p+0
1672931057176159261,-0x1.d1efccp-3,0x1.180a2ep+2,-0x1.4c986ap-7,0x0p+0
1672931057201207411,-0x1.d9ac18p-3,0x1.180a2ep+2,-0x1.416faep-7,0x0p+0
1672931057226154613,-0x1.e1420ap-3,0x1.180a2ep+2,-0x1.365914p-7,0x0p+0
1672931057251116575,-0x1.e8a4a2p-3,0x1.180a2ep+2,-0x1.2b69dcp-7,0x0p+0
1672931057275944253,-0x1.efec6p-3,0x1.16fbbcp+2,-0x1.209956p-7,0x0p+0
1672931057301192868,-0x1.f82dc6p-3,0x1.16a9b8p+2,-0x1.16038cp-7,0x0p+0
1672931057326306865,-0x1.ff4cfcp-3,0x1.16a9b8p+2,-0x1.0b8b2ep-7,0x0p+0
1672931057351358574,-0x1.031d5cp-2,0x1.16a9b8p+2,-0x1.013f26p-7,0x0p+0
1672931057376218824,-0x1.06b902p-2,0x1.15a092p+2,-0x1.ee3422p-8,0x0p+0
1672931057401290107,-0x1.0a1d92p-2,0x1.15a092p+2,-0x1.da593p-8,0x0p+0
1672931057426380321,-0x1.0d6e4cp-2,0x1.15a092p+2,-0x1.c6c2a2p-8,0x0p+0
1672931057451452048,-0x1.10ab26p-2,0x1.15a092p+2,-0x1.b37464p-8,0x0p+0
1672931057476868283,-0x1.14700ep-2,0x1.140c9ep+2,-0x1.a0c448p-8,0x0p+0
1672931057501111294,-0x1.179d22p-2,0x1.140c9ep+2,-0x1.8e6ef4p-8,0x0p+0
1672931057526271639,-0x1.1ab79ap-2,0x1.140c9ep+2,-0x1.7c6258p-8,0x0p+0
1672931057551396251,-0x1.1dbe8ep-2,0x1.140c9ep+2,-0x1.6aa612p-8,0x0p+0
1672931057576045820,-0x1.2177e8p-2,0x1.123598p+2,-0x1.596a6ap-8,0x0p+0
1672931057601442726,-0x1.24745ep-2,0x1.123598p+2,-0x1.48917ep-8,0x0p+0
1672931057626253992,-0x1.275f96p-2,0x1.123598p+2,-0x1.38009p-8,0x0p+0
1672931057651293411,-0x1.2a3782p-2,0x1.123598p+2,-0x1.27c646p-8,0x0p+0
1672931057676842432,-0x1.2d07f4p-2,0x1.1018dep+2,-0x1.17e046p-8,0x0p+0
1672931057701120875,-0x1.2a6c84p-2,0x1.101a52p+2,-0x1.0839e2p-8,0x0p+0
1672931057726282673,-0x1.2d270cp-2,0x1.101a52p+2,-0x1.f1d8bcp-9,0x0p+0
1672931057751126269,-0x1.2fceb6p-2,0x1.101a52p+2,-0x1.d3eea8p-9,0x0p+0
1672931057776791221,-0x1.332708p-2,0x1.0dbac6p+2,-0x1.b615dcp-9,0x0p+0
1672931057801138220,-0x1.35c39ep-2,0x1.0dbac6p+2,-0x1.98b4eap-9,0x0p+0
1672931057826164169,-0x1.385214p-2,0x1.0dbac6p+2,-0x1.7bedaep-9,0x0p+0
1672931057850955887,-0x1.3ad276p-2,0x1.0dbac6p+2,-0x1.5fbefap-9,0x0p+0
1672931057876220631,-0x1.3ed284p-2,0x1.0b3d74p+2,-0x1.4334e2p-9,0x0p+0
1672931057901254987,-0x1.415246p-2,0x1.0b3d74p+2,-0x1.26e48ap-9,0x0p+0
1672931057926258845,-0x1.43c538p-2,0x1.0b3d74p+2,-0x1.0b169p-9,0x0p+0
1672931057951174191,-0x1.462726p-2,0x1.0b3d74p+2,-0x1.dff6fap-10,0x0p+0
1672931057977891291,-0x1.469d24p-2,0x1.0896ccp+2,-0x1.a7e7c8p-10,0x0p+0
1672931058001163765,-0x1.48f7c8p-2,0x1.0896ccp+2,-0x1.6f952cp-10,0x0p+0
1672931058027495040,-0x1.4b4492p-2,0x1.0896ccp+2,-0x1.384b1ap-10,0x0p+0
1672931058051459493,-0x1.4dda56p-2,0x1.067118p+2,-0x1.01740cp-10,0x0p+0
1672931058076020256,-0x1.501bd2p-2,0x1.067118p+2,-0x1.90192p-11,0x0p+0
1672931058101059120,-0x1.524fb4p-2,0x1.067118p+2,-0x1.1f6e58p-11,0x0p+0
1672931058126163500,-0x1.547662p-2,0x1.067118p+2,-0x1.61a4a6p-12,0x0p+0
1672931058151121408,-0x1.569472p-2,0x1.0387c6p+2,-0x1.018e38p-13,0x0p+0
1672931058176218034,-0x1.58b7b4p-2,0x1.0387c6p+2,0x1.e97224p-14,0x0p+0
1672931058202210327,-0x1.45b694p-2,0x1.021488p+2,-0x1.90f546p-12,0x0p+0
1672931058226140279,-0x1.47b828p-2,0x1.021488p+2,-0x1.04167p-13,0x0p+0
1672931058251173219,-0x1.49abbcp-2,0x1.021488p+2,0x1.1134cp-13,0x0p+0
1672931058276113810,-0x1.4add8ep-2,0x1.ffbd88p+1,0x1.94685ap-12,0x0p+0
1672931058301188359,-0x1.4cd1c8p-2,0x1.ffbd88p+1,0x1.5e8172p-11,0x0p+0
1672931058326365466,-0x1.4ec2b4p-2,0x1.ffbd88p+1,0x1.f17e88p-11,0x0p+0
1672931058351221118,-0x1.50193ep-2,0x1.fb998p+1,0x1.4254a2p-10,0x0p+0
1672931058376025539,-0x1.520f58p-2,0x1.fb998p+1,0x1.94c902p-10,0x0p+0
1672931058401121686,-0x1.53febcp-2,0x1.fb998p+1,0x1.e66b48p-10,0x0p+0
1672931058426226422,-0x1.55e83cp-2,0x1.fb998p+1,0x1.1bb86ep-9,0x0p+0
1672931058451098628,-0x1.58e46ap-2,0x1.f66084p+1,0x1.4885b4p-9,0x0p+0
1672931058476216974,-0x1.5ad566p-2,0x1.f66084p+1,0x1.78d03p-9,0x0p+0
1672931058501136392,-0x1.5cbd12p-2,0x1.f66084p+1,0x1.a8d47cp-9,0x0p+0
1672931058526241632,-0x1.5e9bbap-2,0x1.f66084p+1,0x1.d89c22p-9,0x0p+0
1672931058551161481,-0x1.63e346p-2,0x1.f165c2p+1,0x1.06e746p-8,0x0p+0
1672931058576067798,-0x1.65840ep-2,0x1.f165c2p+1,0x1.23808p-8,0x0p+0
1672931058601130529,-0x1.671b04p-2,0x1.f165c2p+1,0x1.3ff78ep-8,0x0p+0
1672931058626365005,-0x1.68a80cp-2,0x1.f165c2p+1,0x1.5c49fp-8,0x0p+0
1672931058650988096,-0x1.68bd44p-2,0x1.ec5d42p+1,0x1.7b850ep-8,0x0p+0
1672931058676130599,-0x1.6a257p-2,0x1.ec5d42p+1,0x1.9d1b48p-8,0x0p+0
1672931058701191206,-0x1.6b81f6p-2,0x1.ec5d42p+1,0x1.be7daap-8,0x0p+0
1672931058726266750,-0x1.6cd404p-2,0x1.ec5d42p+1,0x1.dfc12cp-8,0x0p+0
1672931058751090612,-0x1.6e132cp-2,0x1.e7067ap+1,0x1.008eccp-7,0x0p+0
1672931058776928430,-0x1.7395cp-2,0x1.e5b5ep+1,0x1.14c712p-7,0x0p+0
1672931058801225721,-0x1.746e3ap-2,0x1.e5b5ep+1,0x1.28fc7ap-7,0x0p+0
1672931058826387627,-0x1.753d7ep-2,0x1.e5b5ep+1,0x1.3d19eep-7,0x0p+0
1672931058851160966,-0x1.76036cp-2,0x1.e5b5ep+1,0x1.51176ep-7,0x0p+0
1672931058876247553,-0x1.72e97p-2,0x1.e04f14p+1,0x1.670284p-7,0x0p+0
1672931058901229605,-0x1.73828ap-2,0x1.e04f14p+1,0x1.7e7deap-7,0x0p+0
1672931058926310876,-0x1.7411d2p-2,0x1.e04f14p+1,0x1.95df12p-7,0x0p+0
1672931058951188956,-0x1.751b54p-2,0x1.dbde7ap+1,0x1.ad358ap-7,0x0p+0
1672931058976028235,-0x1.751744p-2,0x1.dbde7ap+1,0x1.c780ap-7,0x0p+0
1672931059001240845,-0x1.750c86p-2,0x1.dbde7ap+1,0x1.e1a57p-7,0x0p+0
1672931059026309517,-0x1.74fb46p-2,0x1.dbde7ap+1,0x1.fbb48p-7,0x0p+0
1672931059051179438,-0x1.73b6a2p-2,0x1.d60d82p+1,0x1.0c06a8p-6,0x0p+0
1672931059076185379,-0x1.72fee4p-2,0x1.d60d82p+1,0x1.1b4656p-6,0x0p+0
1672931059101084460,-0x1.7241dcp-2,0x1.d60d82p+1,0x1.2a7192p-6,0x0p+0
1672931059126336731,-0x1.717f76p-2,0x1.d60d82p+1,0x1.398df4p-6,0x0p+0
1672931059151576493,-0x1.7249d6p-2,0x1.d00d08p+1,0x1.49e51ep-6,0x0p+0
1672931059176391651,-0x1.70f012p-2,0x1.d00d08p+1,0x1.5b6b9ap-6,0x0p+0
1672931059201116513,-0x1.6f9336p-2,0x1.d00d08p+1,0x1.6cd9bep-6,0x0p+0
1672931059226247108,-0x1.6e32f4p-2,0x1.d00d08p+1,0x1.7e3468p-6,0x0p+0
1672931059251128402,-0x1.6cd1ecp-2,0x1.ca317cp+1,0x1.8f5dd8p-6,0x0p+0
1672931059277128372,-0x1.6aef1ap-2,0x1.ca317cp+1,0x1.a40c96p-6,0x0p+0
1672931059301209179,-0x1.6d7184p-2,0x1.c8bb7cp+1,0x1.bc33f4p-6,0x0p+0
1672931059326383690,-0x1.6b6f86p-2,0x1.c8bb7cp+1,0x1.d07a58p-6,0x0p+0
1672931059351406325,-0x1.69cf1ep-2,0x1.c432a2p+1,0x1.e4c6b8p-6,0x0p+0
1672931059376154304,-0x1.678cb6p-2,0x1.c432a2p+1,0x1.fb055p-6,0x0p+0
1672931059401003041,-0x1.6549e4p-2,0x1.c432a2p+1,0x1.089142p-5,0x0p+0
1672931059426280907,-0x1.630524p-2,0x1.c432a2p+1,0x1.138f7ap-5,0x0p+0
1672931059451149128,-0x1.637e86p-2,0x1.be3e3ap+1,0x1.1f607p-5,0x0p+0
1672931059476162393,-0x1.61074ap-2,0x1.be3e3ap+1,0x1.2bc586p-5,0x0p+0
1672931059501013306,-0x1.5e903p-2,0x1.be3e3ap+1,0x1.38156ep-5,0x0p+0
1672931059526373956,-0x1.5c191cp-2,0x1.be3e3ap+1,0x1.44516ep-5,0x0p+0
1672931059551161500,-0x1.583198p-2,0x1.b83e86p+1,0x1.517dd4p-5,0x0p+0
1672931059575983400,-0x1.55ea62p-2,0x1.b83e86p+1,0x1.5f2fc8p-5,0x0p+0
1672931059602040351,-0x1.53a428p-2,0x1.b83e86p+1,0x1.6cc686p-5,0x0p+0
1672931059626130764,-0x1.515e8ep-2,0x1.b83e86p+1,0x1.7a4538p-5,0x0p+0
1672931059651227217,-0x1.4d5f54p-2,0x1.b267bep+1,0x1.88d5fep-5,0x0p+0
1672931059676011162,-0x1.4b401ep-2,0x1.b267bep+1,0x1.97d876p-5,0x0p+0
1672931059701406841,-0x1.492422p-2,0x1.b267bep+1,0x1.a6b83ep-5,0x0p+0
1672931059726361845,-0x1.470ac4p-2,0x1.b267bep+1,0x1.b57946p-5,0x0p+0
1672931059751170225,-0x1.43505ap-2,0x1.ac6326p+1,0x1.c583p-5,0x0p+0
1672931059776120874,-0x1.411fcap-2,0x1.ac6326p+1,0x1.d5d776p-5,0x0p+0
1672931059801178942,-0x1.3ef314p-2,0x1.ac6326p+1,0x1.e60628p-5,0x0p+0
1672931059826141678,-0x1.3cca66p-2,0x1.ac6326p+1,0x1.f60baep-5,0x0p+0
1672931059851123114,-0x1.3c519cp-2,0x1.a66f22p+1,0x1.03c53ap-4,0x0p+0
1672931059876089787,-0x1.39ce46p-2,0x1.a66f22p+1,0x1.0c9ca2p-4,0x0p+0
1672931059901098738,-0x1.375382p-2,0x1.a66f22p+1,0x1.154e88p-4,0x0p+0
1672931059926260071,-0x1.34d9bcp-2,0x1.a66f22p+1,0x1.1df406p-4,0x0p+0
1672931059951187436,-0x1.31208ap-2,0x1.a04cbcp+1,0x1.276b4cp-4,0x0p+0
1672931059975956673,-0x1.2e36b2p-2,0x1.a04cbcp+1,0x1.30d9c4p-4,0x0p+0
1672931060001168472,-0x1.2b4f4ap-2,0x1.a04cbcp+1,0x1.3a3138p-4,0x0p+0
1672931060026502449,-0x1.286d4ep-2,0x1.a04cbcp+1,0x1.4366ap-4,0x0p+0
1672931060051015815,-0x1.250574p-2,0x1.9a3bd8p+1,0x1.4d9be4p-4,0x0p+0
1672931060076167670,-0x1.21d808p-2,0x1.9a3bd8p+1,0x1.57a664p-4,0x0p+0
1672931060101299483,-0x1.1eabep-2,0x1.9a3bd8p+1,0x1.619b0ap-4,0x0p+0
1672931060126332721,-0x1.1b899ep-2,0x1.9a3bd8p+1,0x1.6b5da8p-4,0x0p+0
1672931060151176732,-0x1.18468ep-2,0x1.940c2p+1,0x1.7656c6p-4,0x0p+0
1672931060175958465,-0x1.15118ep-2,0x1.940c2p+1,0x1.80fd72p-4,0x0p+0
1672931060201191559,-0x1.11dfaep-2,0x1.940c2p+1,0x1.8b860ap-4,0x0p+0
1672931060226312042,-0x1.0eb6cp-2,0x1.940c2p+1,0x1.95dc42p-4,0x0p+0
1672931060251304572,-0x1.0b9f4cp-2,0x1.8dd404p+1,0x1.a198f6p-4,0x0p+0
1672931060276084804,-0x1.087baap-2,0x1.8dd404p+1,0x1.acce2cp-4,0x0p+0
1672931060301018855,-0x1.055d2ap-2,0x1.8dd404p+1,0x1.b7db54p-4,0x0p+0
1672931060326346756,-0x1.021c36p-2,0x1.8dd404p+1,0x1.c3259p-4,0x0p+0
1672931060351255380,-0x1.fd9c5p-3,0x1.87ad6cp+1,0x1.d0e8a6p-4,0x0p+0
1672931060376128220,-0x1.f712dp-3,0x1.87ad6cp+1,0x1.de593ap-4,0x0p+0
1672931060401111514,-0x1.f09f02p-3,0x1.87ad6cp+1,0x1.eb7048p-4,0x0p+0
1672931060426138966,-0x1.eb2e02p-3,0x1.849a62p+1,0x1.f8ba72p-4,0x0p+0
1672931060451119955,-0x1.e4de28p-3,0x1.817756p+1,0x1.033a14p-3,0x0p+0
1672931060476123927,-0x1.df61ep-3,0x1.817756p+1,0x1.09bcbep-3,0x0p+0
1672931060501238538,-0x1.db50e2p-3,0x1.817756p+1,0x1.10b812p-3,0x0p+0
1672931060526554309,-0x1.d79c16p-3,0x1.817756p+1,0x1.17a9bap-3,0x0p+0
1672931060551307180,-0x1.d45456p-3,0x1.7b391ap+1,0x1.1e3216p-3,0x0p+0
1672931060576014610,-0x1.d1bc46p-3,0x1.7b391ap+1,0x1.252328p-3,0x0p+0
1672931060601097409,-0x1.cfb1ap-3,0x1.7b391ap+1,0x1.2c1ddap-3,0x0p+0
1672931060626236595,-0x1.cdb472p-3,0x1.7b391ap+1,0x1.32e408p-3,0x0p+0
1672931060651266411,-0x1.cbc4aep-3,0x1.74ce9cp+1,0x1.397324p-3,0x0p+0
1672931060676271975,-0x1.cc9e1p-3,0x1.74d52p+1,0x1.409356p-3,0x0p+0
1672931060701218715,-0x1.cc2a8ep-3,0x1.74d52p+1,0x1.4759b6p-3,0x0p+0
1672931060726164391,-0x1.cbbd3ep-3,0x1.74d52p+1,0x1.4debbap-3,0x0p+0
1672931060751412723,-0x1.cc85dp-3,0x1.6e78dp+1,0x1.54cd2cp-3,0x0p+0
1672931060776044012,-0x1.cf0f36p-3,0x1.6e79eep+1,0x1.5babfap-3,0x0p+0
1672931060801143316,-0x1.d013bap-3,0x1.6e79eep+1,0x1.622ea4p-3,0x0p+0
1672931060826036788,-0x1.d20a6ap-3,0x1.6e79eep+1,0x1.68e7a8p-3,0x0p+0
1672931060851077030,-0x1.d4beap-3,0x1.680228p+1,0x1.6fbc4p-3,0x0p+0
1672931060876201919,-0x1.d98f2ep-3,0x1.6803e6p+1,0x1.762bc2p-3,0x0p+0
1672931060901414985,-0x1.dcb03p-3,0x1.6803e6p+1,0x1.7cb298p-3,0x0p+0
1672931060927802673,-0x1.e0d22ep-3,0x1.6803e6p+1,0x1.836d1cp-3,0x0p+0
1672931060951975191,-0x1.e4e2e6p-3,0x1.616d22p+1,0x1.89ec7p-3,0x0p+0
1672931060976112137,-0x1.e91bcep-3,0x1.616ceep+1,0x1.9013a4p-3,0x0p+0
1672931061002628435,-0x1.ee90f2p-3,0x1.616ceep+1,0x1.96bf86p-3,0x0p+0
1672931061026298774,-0x1.f3e3bap-3,0x1.616ceep+1,0x1.9d256ap-3,0x0p+0
1672931061051072494,-0x1.eaee92p-3,0x1.5abc7cp+1,0x1.a311fap-3,0x0p+0
1672931061076134824,-0x1.f11c9ap-3,0x1.5abc7cp+1,0x1.a9a508p-3,0x0p+0
1672931061101267891,-0x1.f7245ap-3,0x1.5abc7cp+1,0x1.aff576p-3,0x0p+0
1672931061126201263,-0x1.fd02aep-3,0x1.5abc7cp+1,0x1.b60104p-3,0x0p+0
1672931061151136543,-0x1.039b2p-2,0x1.5401fep+1,0x1.bc30f2p-3,0x0p+0
1672931061176083902,-0x1.071022p-2,0x1.5401fep+1,0x1.c26f1ep-3,0x0p+0
1672931061201378705,-0x1.0a6faep-2,0x1.5401fep+1,0x1.c86aeep-3,0x0p+0
1672931061226073635,-0x1.0db8eap-2,0x1.5401fep+1,0x1.ce2994p-3,0x0p+0
1672931061253004490,-0x1.1275b8p-2,0x1.4ded74p+1,0x1.d4a1c6p-3,0x0p+0
1672931061276202138,-0x1.15c70ep-2,0x1.4ded74p+1,0x1.da8f92p-3,0x0p+0
1672931061301254167,-0x1.18fdbcp-2,0x1.4ded74p+1,0x1.e03808p-3,0x0p+0
1672931061326203608,-0x1.1c6562p-2,0x1.4ded74p+1,0x1.e68cc8p-3,0x0p+0
1672931061351100823,-0x1.210064p-2,0x1.48f056p+1,0x1.ec924p-3,0x0p+0
1672931061376110706,-0x1.242186p-2,0x1.48f056p+1,0x1.f23626p-3,0x0p+0
1672931061401218631,-0x1.276de2p-2,0x1.48f056p+1,0x1.f87b2ap-3,0x0p+0
1672931061426316867,-0x1.2aa9ap-2,0x1.48f056p+1,0x1.fea798p-3,0x0p+0
1672931061451271965,-0x1.2dc4dap-2,0x1.45643ep+1,0x1.024532p-2,0x0p+0
1672931061476147537,-0x1.30c02ep-2,0x1.45643ep+1,0x1.0512f4p-2,0x0p+0
1672931061501340640,-0x1.30c422p-2,0x1.44b4c8p+1,0x1.084b12p-2,0x0p+0
1672931061526213452,-0x1.33d1fep-2,0x1.44b4c8p+1,0x1.0b413ap-2,0x0p+0
1672931061551127424,-0x1.36bd9ap-2,0x1.44b4c8p+1,0x1.0e126p-2,0x0p+0
1672931061576265724,-0x1.38b9f8p-2,0x1.42e0d2p+1,0x1.10dfa4p-2,0x0p+0
1672931061601207719,-0x1.3b8e76p-2,0x1.42e0d2p+1,0x1.1390aap-2,0x0p+0
1672931061626148749,-0x1.3e42aap-2,0x1.42e0d2p+1,0x1.161e22p-2,0x0p+0
1672931061653162145,-0x1.43e3c4p-2,0x1.40d716p+1,0x1.18c7e2p-2,0x0p+0
1672931061676198439,-0x1.469246p-2,0x1.40d716p+1,0x1.1b3c1cp-2,0x0p+0
1672931061701152121,-0x1.491fc2p-2,0x1.40d716p+1,0x1.1d8d02p-2,0x0p+0
1672931061726323114,-0x1.4be62p-2,0x1.40d716p+1,0x1.201eaap-2,0x0p+0
1672931061751285050,-0x1.50c386p-2,0x1.3f0cbcp+1,0x1.227a08p-2,0x0p+0
1672931061776034597,-0x1.533362p-2,0x1.3f0cbcp+1,0x1.24ae9ep-2,0x0p+0
1672931061801283642,-0x1.55e46ap-2,0x1.3f0cbcp+1,0x1.273da4p-2,0x0p+0
1672931061826204324,-0x1.586e8p-2,0x1.3f0cbcp+1,0x1.29a6fp-2,0x0p+0
1672931061851813562,-0x1.54d4e4p-2,0x1.3d5252p+1,0x1.2bcbfcp-2,0x0p+0
1672931061876026843,-0x1.57638ap-2,0x1.3d5252p+1,0x1.2e4274p-2,0x0p+0
1672931061901112603,-0x1.59cc8ap-2,0x1.3d5252p+1,0x1.3095ap-2,0x0p+0
1672931061926302149,-0x1.5c0ec2p-2,0x1.3d5252p+1,0x1.32c428p-2,0x0p+0
1672931061962356314,-0x1.63c452p-2,0x1.3bb804p+1,0x1.34fc7cp-2,0x0p+0
1672931061976000649,-0x1.660882p-2,0x1.3bb804p+1,0x1.371f66p-2,0x0p+0
1672931062000996723,-0x1.682976p-2,0x1.3bb804p+1,0x1.392138p-2,0x0p+0
1672931062026282864,-0x1.6a585ap-2,0x1.3bb804p+1,0x1.3b21d4p-2,0x0p+0
1672931062052858540,-0x1.6dd666p-2,0x1.3a5ddep+1,0x1.3d1ea8p-2,0x0p+0
1672931062076526860,-0x1.6fcab2p-2,0x1.3a5ddep+1,0x1.3eec8p-2,0x0p+0
1672931062101573222,-0x1.71e8bep-2,0x1.3a5ddep+1,0x1.40cea6p-2,0x0p+0
1672931062126302025,-0x1.73fca8p-2,0x1.3a5ddep+1,0x1.42a48ap-2,0x0p+0
1672931062151194994,-0x1.71aee6p-2,0x1.394b3ap+1,0x1.443988p-2,0x0p+0
1672931062175993702,-0x1.73c892p-2,0x1.394b3ap+1,0x1.460d1cp-2,0x0p+0
1672931062201174731,-0x1.75b89p-2,0x1.394b3ap+1,0x1.47c1p-2,0x0p+0
1672931062226102285,-0x1.77810ep-2,0x1.394b3ap+1,0x1.4956bcp-2,0x0p+0
1672931062252065855,-0x1.7c26fp-2,0x1.38a4f6p+1,0x1.4b0604p-2,0x0p+0
1672931062276042159,-0x1.7db89ap-2,0x1.38a4f6p+1,0x1.4ca67ep-2,0x0p+0
1672931062301139282,-0x1.7f24a2p-2,0x1.38a4f6p+1,0x1.4e294ep-2,0x0p+0
1672931062326534493,-0x1.80c408p-2,0x1.38a4f6p+1,0x1.4fc4e8p-2,0x0p+0
1672931062351171586,-0x1.7e7c86p-2,0x1.3881ap+1,0x1.5179eap-2,0x0p+0
1672931062376140010,-0x1.7f838ap-2,0x1.3881ap+1,0x1.52f1eep-2,0x0p+0
1672931062401185555,-0x1.8127aep-2,0x1.3881ap+1,0x1.54a514p-2,0x0p+0
1672931062426385368,-0x1.82b656p-2,0x1.3881ap+1,0x1.56462cp-2,0x0p+0
1672931062451206656,-0x1.88867p-2,0x1.389124p+1,0x1.57b916p-2,0x0p+0
1672931062476384520,-0x1.892046p-2,0x1.389124p+1,0x1.594406p-2,0x0p+0
1672931062501290577,-0x1.899868p-2,0x1.389124p+1,0x1.5ab2fcp-2,0x0p+0
1672931062526487524,-0x1.89f08p-2,0x1.389124p+1,0x1.5c0a62p-2,0x0p+0
1672931062551061380,-0x1.8a5c76p-2,0x1.38966ep+1,0x1.5d5d12p-2,0x0p+0
1672931062576022525,-0x1.8ada8ep-2,0x1.38966ep+1,0x1.5eb668p-2,0x0p+0
1672931062601212122,-0x1.8c3f32p-2,0x1.3888ccp+1,0x1.5fdd74p-2,0x0p+0
1672931062626207449,-0x1.8b7442p-2,0x1.3888ccp+1,0x1.612684p-2,0x0p+0
1672931062651255159,-0x1.8cf11ap-2,0x1.384492p+1,0x1.62541cp-2,0x0p+0
1672931062676317862,-0x1.8b1b52p-2,0x1.384492p+1,0x1.63c2cap-2,0x0p+0
1672931062701251282,-0x1.89061ap-2,0x1.384492p+1,0x1.653c7cp-2,0x0p+0
1672931062726382555,-0x1.86e8aep-2,0x1.384492p+1,0x1.669b8ep-2,0x0p+0
1672931062751294024,-0x1.837a58p-2,0x1.377adep+1,0x1.68121p-2,0x0p+0
1672931062776159863,-0x1.8134eap-2,0x1.377adep+1,0x1.698f6ep-2,0x0p+0
1672931062802769195,-0x1.7ee96ep-2,0x1.377adep+1,0x1.6af2ecp-2,0x0p+0
1672931062826347002,-0x1.7b21fep-2,0x1.377adep+1,0x1.6c640cp-2,0x0p+0
1672931062851575584,-0x1.794f16p-2,0x1.361d5cp+1,0x1.6dd936p-2,0x0p+0
1672931062876595568,-0x1.7507e2p-2,0x1.361d5cp+1,0x1.6f1ffcp-2,0x0p+0
1672931062901455121,-0x1.6f8df6p-2,0x1.361d5cp+1,0x1.704c6ap-2,0x0p+0
1672931062926229595,-0x1.6a192ep-2,0x1.361d5cp+1,0x1.716106p-2,0x0p+0
1672931062951130543,-0x1.618b4ep-2,0x1.344f3cp+1,0x1.724daep-2,0x0p+0
1672931062976199248,-0x1.5a35a6p-2,0x1.344f3cp+1,0x1.731778p-2,0x0p+0
1672931063001169468,-0x1.52d56ep-2,0x1.344f3cp+1,0x1.73cc3p-2,0x0p+0
1672931063026450678,-0x1.4bb2fp-2,0x1.344f3cp+1,0x1.745aa8p-2,0x0p+0
1672931063051417399,-0x1.4535fep-2,0x1.3211e4p+1,0x1.74c174p-2,0x0p+0
1672931063076081820,-0x1.3e4dbcp-2,0x1.3211e4p+1,0x1.751a4cp-2,0x0p+0
1672931063101341766,-0x1.3803eep-2,0x1.3211e4p+1,0x1.754d24p-2,0x0p+0
1672931063126299311,-0x1.31c0dap-2,0x1.3211e4p+1,0x1.756d8ep-2,0x0p+0
1672931063151251789,-0x1.2bfc14p-2,0x1.2f459p+1,0x1.757ecp-2,0x0p+0
1672931063178053108,-0x1.264c52p-2,0x1.2f459p+1,0x1.757862p-2,0x0p+0
1672931063201186436,-0x1.20a752p-2,0x1.2f459p+1,0x1.7560b2p-2,0x0p+0
1672931063226238316,-0x1.1b091cp-2,0x1.2f459p+1,0x1.7537f2p-2,0x0p+0
1672931063251366127,-0x1.17103cp-2,0x1.2bf174p+1,0x1.750e66p-2,0x0p+0
1672931063276214027,-0x1.121adcp-2,0x1.2bf174p+1,0x1.74ca6p-2,0x0p+0
1672931063301319187,-0x1.0ddc3ep-2,0x1.2bf174p+1,0x1.749102p-2,0x0p+0
1672931063326189431,-0x1.09dd96p-2,0x1.2bf174p+1,0x1.744fbep-2,0x0p+0
1672931063351274428,-0x1.08146ap-2,0x1.28183ap+1,0x1.73f2dap-2,0x0p+0
1672931063376137385,-0x1.0481eep-2,0x1.28183ap+1,0x1.73ae34p-2,0x0p+0
1672931063401290600,-0x1.00fd92p-2,0x1.28183ap+1,0x1.735af6p-2,0x0p+0
1672931063426459339,-0x1.fb0bdap-3,0x1.28183ap+1,0x1.72f96ap-2,0x0p+0
1672931063452120663,-0x1.f5a488p-3,0x1.23c5eep+1,0x1.729d5ap-2,0x0p+0
1672931063476345305,-0x1.efbadep-3,0x1.23c5eep+1,0x1.72351ap-2,0x0p+0
1672931063501150423,-0x1.e9f0eep-3,0x1.23c5eep+1,0x1.71c068p-2,0x0p+0
1672931063526304835,-0x1.e576c6p-3,0x1.23c5eep+1,0x1.7140a8p-2,0x0p+0
1672931063551384643,-0x1.dd641ap-3,0x1.1efabap+1,0x1.70bdc4p-2,0x0p+0
1672931063576129334,-0x1.d958eep-3,0x1.1efabap+1,0x1.701ea4p-2,0x0p+0
1672931063601242323,-0x1.d5ebep-3,0x1.1efabap+1,0x1.6f6b28p-2,0x0p+0
1672931063626902243,-0x1.d2907ep-3,0x1.1efabap+1,0x1.6eacap-2,0x0p+0
1672931063651287989,-0x1.cf4602p-3,0x1.19b91ep+1,0x1.6de35ep-2,0x0p+0
1672931063676248954,-0x1.167702p-2,0x1.19ba5ep+1,0x1.7444cep-2,0x0p+0
1672931063701248166,-0x1.14cddp-2,0x1.19ba5ep+1,0x1.73b38ap-2,0x0p+0
1672931063726326805,-0x1.12f79ap-2,0x1.19ba5ep+1,0x1.730efp-2,0x0p+0
1672931063751261649,-0x1.1020a6p-2,0x1.14383p+1,0x1.7249eap-2,0x0p+0
1672931063776499469,-0x1.0dfd6cp-2,0x1.14383p+1,0x1.718ab6p-2,0x0p+0
1672931063801360950,-0x1.0b70a6p-2,0x1.14383p+1,0x1.709778p-2,0x0p+0
1672931063826360554,-0x1.08af8ep-2,0x1.14383p+1,0x1.6f86f8p-2,0x0p+0
1672931063851345025,-0x1.071a96p-2,0x1.0faadcp+1,0x1.6e9412p-2,0x0p+0
1672931063876981620,-0x1.04baf4p-2,0x1.0faadcp+1,0x1.6d3f76p-2,0x0p+0
1672931063901395432,-0x1.025ecep-2,0x1.0faadcp+1,0x1.6be4fap-2,0x0p+0
1672931063926284580,-0x1.00021ap-2,0x1.0faadcp+1,0x1.6a821ep-2,0x0p+0
1672931063951265687,-0x1.fa3dfap-3,0x1.0bb188p+1,0x1.68fae6p-2,0x0p+0
1672931063976199701,-0x1.f69c26p-3,0x1.0bb188p+1,0x1.6755cp-2,0x0p+0
1672931064001386260,-0x1.f2fea8p-3,0x1.0bb188p+1,0x1.65a7a2p-2,0x0p+0
1672931064026295730,-0x1.efb0cap-3,0x1.0bb188p+1,0x1.63e494p-2,0x0p+0
1672931064051254864,-0x1.ef8c2p-3,0x1.07f64ep+1,0x1.61dcb6p-2,0x0p+0
1672931064076333955,-0x1.eceb5ap-3,0x1.07f64ep+1,0x1.5fea5ep-2,0x0p+0
1672931064101429634,-0x1.eb6956p-3,0x1.07f64ep+1,0x1.5dc80ep-2,0x0p+0
1672931064126320823,-0x1.ea706ap-3,0x1.07f64ep+1,0x1.5b8c54p-2,0x0p+0
1672931064151307493,-0x1.e7e0c6p-3,0x1.0427bcp+1,0x1.5960e6p-2,0x0p+0
1672931064176222639,-0x1.e803e2p-3,0x1.0427bcp+1,0x1.56fa3ep-2,0x0p+0
1672931064201333889,-0x1.e817f8p-3,0x1.0427bcp+1,0x1.548b2cp-2,0x0p+0
1672931064226449669,-0x1.e81cd8p-3,0x1.0427bcp+1,0x1.5216d8p-2,0x0p+0
1672931064251432504,-0x1.e79566p-3,0x1.0003dcp+1,0x1.4f8dc2p-2,0x0p+0
1672931064276604838,-0x1.e847e2p-3,0x1.0003dcp+1,0x1.4cf52p-2,0x0p+0
1672931064301349262,-0x1.e8e048p-3,0x1.0003dcp+1,0x1.4a59eep-2,0x0p+0
1672931064326722990,-0x1.ea7368p-3,0x1.0003dcp+1,0x1.47a8dep-2,0x0p+0
1672931064351405874,-0x1.f077p-3,0x1.f74646p+0,0x1.44e51cp-2,0x0p+0
1672931064376380479,-0x1.f22766p-3,0x1.f74646p+0,0x1.422594p-2,0x0p+0
1672931064401309480,-0x1.f66b56p-3,0x1.f74646p+0,0x1.3f49c2p-2,0x0p+0
1672931064426383289,-0x1.fa22d6p-3,0x1.f74646p+0,0x1.3c6822p-2,0x0p+0
1672931064451496306,-0x1.fb9218p-3,0x1.ed5a4p+0,0x1.398ab6p-2,0x0p+0
1672931064476280748,-0x1.003bc8p-2,0x1.ed5a4p+0,0x1.369bd8p-2,0x0p+0
1672931064501314174,-0x1.022a9cp-2,0x1.ed5a4p+0,0x1.33a9e2p-2,0x0p+0
1672931064526357483,-0x1.0395c6p-2,0x1.ed5a4p+0,0x1.30b496p-2,0x0p+0
1672931064551334599,-0x1.042622p-2,0x1.e2f70ep+0,0x1.2db9eap-2,0x0p+0
1672931064576167515,-0x1.05335p-2,0x1.e2f70ep+0,0x1.2abcacp-2,0x0p+0
1672931064601287256,-0x1.05aaf2p-2,0x1.e2f70ep+0,0x1.27bda6p-2,0x0p+0
1672931064626215290,-0x1.05a304p-2,0x1.e2f70ep+0,0x1.258a6p-2,0x0p+0
1672931064651418498,-0x1.059a4ap-2,0x1.d7619p+0,0x1.24f844p-2,0x0p+0
1672931064676274179,-0x1.05903p-2,0x1.d7619p+0,0x1.246aep-2,0x0p+0
1672931064701346455,-0x1.0584aep-2,0x1.d7619p+0,0x1.23e286p-2,0x0p+0
1672931064726480310,-0x1.0577ccp-2,0x1.d7619p+0,0x1.235f5ep-2,0x0p+0
1672931064751188778,-0x1.0569cep-2,0x1.cbc112p+0,0x1.22e282p-2,0x0p+0
1672931064776287723,-0x1.055ac2p-2,0x1.cbc112p+0,0x1.226b86p-2,0x0p+0
1672931064801238408,-0x1.054ad8p-2,0x1.cbc112p+0,0x1.21fafcp-2,0x0p+0
1672931064826306242,-0x1.053a22p-2,0x1.cbc112p+0,0x1.2190fep-2,0x0p+0
1672931064851318289,-0x1.0528d4p-2,0x1.bfd1c2p+0,0x1.212e8ap-2,0x0p+0
1672931064876181206,-0x1.0516fp-2,0x1.bfd1c2p+0,0x1.20d35p-2,0x0p+0
1672931064901225999,-0x1.050496p-2,0x1.bfd1c2p+0,0x1.207fb6p-2,0x0p+0
1672931064926353326,-0x1.04f1c8p-2,0x1.bfd1c2p+0,0x1.20334cp-2,0x0p+0
1672931064951339948,-0x1.04debap-2,0x1.b34a9ep+0,0x1.1fee2cp-2,0x0p+0
1672931064976205802,-0x1.04cb6p-2,0x1.b34a9ep+0,0x1.1faf74p-2,0x0p+0
1672931065001200008,-0x1.04b7dp-2,0x1.b34a9ep+0,0x1.1f76e6p-2,0x0p+0
1672931065026322348,-0x1.04a408p-2,0x1.b34a9ep+0,0x1.1f4408p-2,0x0p+0
1672931065051285998,-0x1.049034p-2,0x1.a69ae6p+0,0x1.1f16ep-2,0x0p+0
1672931065076242361,-0x1.047c4p-2,0x1.a69ae6p+0,0x1.1eeedp-2,0x0p+0
1672931065101206876,-0x1.04683cp-2,0x1.a69ae6p+0,0x1.1ecba6p-2,0x0p+0
1672931065126324630,-0x1.045434p-2,0x1.a69ae6p+0,0x1.1ead2ap-2,0x0p+0
1672931065151282159,-0x1.044028p-2,0x1.99b638p+0,0x1.1e9312p-2,0x0p+0
1672931065176112464,-0x1.042c2ap-2,0x1.99b638p+0,0x1.1e7d3p-2,0x0p+0
1672931065201268204,-0x1.04183p-2,0x1.99b638p+0,0x1.1e6b46p-2,0x0p+0
1672931065226311731,-0x1.04044ap-2,0x1.99b638p+0,0x1.1e5d24p-2,0x0p+0
1672931065251263540,-0x1.03f076p-2,0x1.8ca576p+0,0x1.1e5296p-2,0x0p+0
1672931065276110189,-0x1.03dcbcp-2,0x1.8ca576p+0,0x1.1e4b7p-2,0x0p+0
1672931065301353533,-0x1.03c91ap-2,0x1.8ca576p+0,0x1.1e478cp-2,0x0p+0
1672931065326397707,-0x1.03b58cp-2,0x1.8ca576p+0,0x1.1e46b8p-2,0x0p+0
1672931065351133635,-0x1.03a23ap-2,0x1.7f5d8ep+0,0x1.1e48d2p-2,0x0p+0
1672931065376217902,-0x1.038efap-2,0x1.7f5d8ep+0,0x1.1e4db8p-2,0x0p+0
1672931065401263506,-0x1.037bdcp-2,0x1.7f5d8ep+0,0x1.1e554ap-2,0x0p+0
1672931065426278471,-0x1.0368e8p-2,0x1.7f5d8ep+0,0x1.1e5f64p-2,0x0p+0
1672931065451201417,-0x1.03561ep-2,0x1.71d55ap+0,0x1.1e6bep-2,0x0p+0
1672931065476043123,-0x1.034374p-2,0x1.71d55ap+0,0x1.1e7abap-2,0x0p+0
1672931065501084779,-0x1.0330f8p-2,0x1.71d55ap+0,0x1.1e8bc2p-2,0x0p+0
1672931065527017219,-0x1.031ea4p-2,0x1.71d55ap+0,0x1.1e9eeap-2,0x0p+0
1672931065551276799,-0x1.030c8p-2,0x1.63d2acp+0,0x1.1eb40ep-2,0x0p+0
1672931065576130064,-0x1.02fa86p-2,0x1.63d2acp+0,0x1.1ecb26p-2,0x0p+0
1672931065601232874,-0x1.02e8b8p-2,0x1.63d2acp+0,0x1.1ee40ep-2,0x0p+0
1672931065626390639,-0x1.02d708p-2,0x1.63d2acp+0,0x1.1efedcp-2,0x0p+0
1672931065651238083,-0x1.02c59ep-2,0x1.536a5cp+0,0x1.1f1b34p-2,0x0p+0
1672931065676033609,-0x1.02b454p-2,0x1.536a5cp+0,0x1.1f3944p-2,0x0p+0
1672931065701313403,-0x1.02a338p-2,0x1.536a5cp+0,0x1.1f58e6p-2,0x0p+0
1672931065726293713,-0x1.02924ap-2,0x1.536a5cp+0,0x1.1f7a06p-2,0x0p+0
1672931065751099992,-0x1.028188p-2,0x1.405f52p+0,0x1.1f9c9ep-2,0x0p+0
1672931065776190469,-0x1.0270f6p-2,0x1.405f52p+0,0x1.1fc09ap-2,0x0p+0
1672931065801112141,-0x1.02608ep-2,0x1.405f52p+0,0x1.1fe5f6p-2,0x0p+0
1672931065826061362,-0x1.025052p-2,0x1.405f52p+0,0x1.200ca2p-2,0x0p+0
1672931065851323363,-0x1.024046p-2,0x1.2a7866p+0,0x1.20348cp-2,0x0p+0
1672931065876083043,-0x1.023066p-2,0x1.2a7866p+0,0x1.205db2p-2,0x0p+0
1672931065901308429,-0x1.0220b4p-2,0x1.2a7866p+0,0x1.20880ap-2,0x0p+0
1672931065926242048,-0x1.02112p-2,0x1.2a7866p+0,0x1.20b3a4p-2,0x0p+0
1672931065951246991,-0x1.0201ccp-2,0x1.1125eep+0,0x1.20e03p-2,0x0p+0
1672931065976162040,-0x1.01f2ap-2,0x1.1125eep+0,0x1.210ddap-2,0x0p+0
1672931066001043971,-0x1.01e39ep-2,0x1.1125eep+0,0x1.213c9ep-2,0x0p+0
1672931066026190975,-0x1.01d4bap-2,0x1.1125eep+0,0x1.216c88p-2,0x0p+0
1672931066051803611,-0x1.01c614p-2,0x1.ebe614p-1,0x1.219d4p-2,0x0p+0
1672931066076182105,-0x1.01b794p-2,0x1.ebe614p-1,0x1.21cf02p-2,0x0p+0
1672931066101205164,-0x1.01a93cp-2,0x1.ebe614p-1,0x1.2201c4p-2,0x0p+0
1672931066126948585,-0x1.019b0ap-2,0x1.ebe614p-1,0x1.22357cp-2,0x0p+0
1672931066151695713,-0x1.018d08p-2,0x1.a8113cp-1,0x1.226a1ep-2,0x0p+0
1672931066176163154,-0x1.017f3p-2,0x1.a8113cp-1,0x1.229f9ep-2,0x0p+0
1672931066202134404,-0x1.01717cp-2,0x1.a8113cp-1,0x1.22d60cp-2,0x0p+0
1672931066226804296,-0x1.0163eep-2,0x1.a8113cp-1,0x1.230d74p-2,0x0p+0
1672931066251680972,-0x1.015694p-2,0x1.59539p-1,0x1.234588p-2,0x0p+0
1672931066276907500,-0x1.01495ep-2,0x1.59539p-1,0x1.237e88p-2,0x0p+0
1672931066301214573,-0x1.013c4cp-2,0x1.59539p-1,0x1.23b864p-2,0x0p+0
1672931066326375857,-0x1.012f5ep-2,0x1.59539p-1,0x1.23f33ap-2,0x0p+0
1672931066351991849,-0x1.0122a4p-2,0x1.083a38p-1,0x1.242e9ep-2,0x0p+0
1672931066376787986,-0x1.01160ap-2,0x1.083a38p-1,0x1.246aeep-2,0x0p+0
1672931066401250783,-0x1.010996p-2,0x1.083a38p-1,0x1.24a81p-2,0x0p+0
1672931066426438750,-0x1.00fd44p-2,0x1.083a38p-1,0x1.24e62cp-2,0x0p+0
1672931066451093853,-0x1.00f126p-2,0x1.7c0916p-2,0x1.2524cap-2,0x0p+0
1672931066476156621,-0x1.00e522p-2,0x1.7c0916p-2,0x1.256456p-2,0x0p+0
1672931066500999198,-0x1.00d946p-2,0x1.7c0916p-2,0x1.25a4a6p-2,0x0p+0
1672931066526406158,-0x1.00cd8ep-2,0x1.7c0916p-2,0x1.25e5dp-2,0x0p+0
1672931066551156712,-0x1.00c1fep-2,0x1.29b2dp-2,0x1.2627aep-2,0x0p+0
1672931066576015397,-0x1.00b69p-2,0x1.29b2dp-2,0x1.266a62p-2,0x0p+0
1672931066603051335,-0x1.00ab46p-2,0x1.29b2dp-2,0x1.26addcp-2,0x0p+0
1672931066626202637,-0x1.00a018p-2,0x1.29b2dp-2,0x1.26f25p-2,0x0p+0
1672931066651242199,-0x1.00951ap-2,0x1.502b3p-2,0x1.273738p-2,0x0p+0
1672931066676120912,-0x1.008a4p-2,0x1.502b3p-2,0x1.277d12p-2,0x0p+0
1672931066701259777,-0x1.007f82p-2,0x1.502b3p-2,0x1.27c3bp-2,0x0p+0
1672931066726235529,-0x1.0074ep-2,0x1.502b3p-2,0x1.280b4ap-2,0x0p+0
1672931066751123667,-0x1.006a7p-2,0x1.cde4bp-2,0x1.28536p-2,0x0p+0
1672931066775982937,-0x1.006018p-2,0x1.cde4bp-2,0x1.289c64p-2,0x0p+0
1672931066801152763,-0x1.0055e2p-2,0x1.cde4bp-2,0x1.28e63ap-2,0x0p+0
1672931066826250615,-0x1.004bcep-2,0x1.cde4bp-2,0x1.2930e8p-2,0x0p+0
1672931066851310186,-0x1.0041dcp-2,0x1.1c5492p-1,0x1.297c5ep-2,0x0p+0
1672931066876134276,-0x1.00380cp-2,0x1.1c5492p-1,0x1.29c8a4p-2,0x0p+0
1672931066901324307,-0x1.002e58p-2,0x1.1c5492p-1,0x1.2a15cp-2,0x0p+0
1672931066926227899,-0x1.0024cp-2,0x1.1c5492p-1,0x1.2a63fcp-2,0x0p+0
1672931066951060434,-0x1.001b56p-2,0x1.5767ap-1,0x1.2ab29ap-2,0x0p+0
1672931066975872933,-0x1.001206p-2,0x1.5767ap-1,0x1.2b023p-2,0x0p+0
1672931067001053964,-0x1.0008d2p-2,0x1.5767ap-1,0x1.2b52b8p-2,0x0p+0
1672931067026098124,-0x1.ffff7ap-3,0x1.5767ap-1,0x1.2ba422p-2,0x0p+0
1672931067051119115,-0x1.ffed8ep-3,0x1.827776p-1,0x1.2bf66ap-2,0x0p+0
1672931067075986275,-0x1.ffdbdep-3,0x1.827776p-1,0x1.2c4994p-2,0x0p+0
1672931067101138707,-0x1.ffca66p-3,0x1.827776p-1,0x1.2c9da4p-2,0x0p+0
1672931067126210893,-0x1.ffb92cp-3,0x1.827776p-1,0x1.2cf2dap-2,0x0p+0
1672931067151216454,-0x1.ffa838p-3,0x1.a33fcp-1,0x1.2d489p-2,0x0p+0
1672931067175940233,-0x1.ff9772p-3,0x1.a33fcp-1,0x1.2d9f64p-2,0x0p+0
1672931067201038566,-0x1.ff86ecp-3,0x1.a33fcp-1,0x1.2df73ap-2,0x0p+0
1672931067226071807,-0x1.ff769ep-3,0x1.a33fcp-1,0x1.2e5008p-2,0x0p+0
1672931067254840632,-0x1.ff668p-3,0x1.bcf898p-1,0x1.2ea9d6p-2,0x0p+0
1672931067276026669,-0x1.ff56a6p-3,0x1.bcf898p-1,0x1.2f048p-2,0x0p+0
1672931067301565252,-0x1.ff46fcp-3,0x1.bcf898p-1,0x1.2f604ep-2,0x0p+0
1672931067326642768,-0x1.ff3784p-3,0x1.bcf898p-1,0x1.2fbd48p-2,0x0p+0
1672931067351224630,-0x1.ff2856p-3,0x1.d1b35ep-1,0x1.301aeep-2,0x0p+0
1672931067376379897,-0x1.ff195p-3,0x1.d1b35ep-1,0x1.3079c6p-2,0x0p+0
1672931067401215788,-0x1.ff0a88p-3,0x1.d1b35ep-1,0x1.30d9bep-2,0x0p+0
1672931067426120550,-0x1.fefbe2p-3,0x1.d1b35ep-1,0x1.313b06p-2,0x0p+0
1672931067451242692,-0x1.feed84p-3,0x1.e25f3p-1,0x1.319d06p-2,0x0p+0
1672931067476365254,-0x1.fedf52p-3,0x1.e25f3p-1,0x1.320046p-2,0x0p+0
1672931067501088155,-0x1.fed158p-3,0x1.e25f3p-1,0x1.3264b8p-2,0x0p+0
1672931067526194820,-0x1.fec38cp-3,0x1.e25f3p-1,0x1.32ca8ap-2,0x0p+0
1672931067550911947,-0x1.feb5fcp-3,0x1.efce8p-1,0x1.33311ep-2,0x0p+0
1672931067576110915,-0x1.fea894p-3,0x1.efce8p-1,0x1.339946p-2,0x0p+0
1672931067601258881,-0x1.fe9b5ap-3,0x1.efce8p-1,0x1.3402a2p-2,0x0p+0
1672931067626118825,-0x1.fe8e54p-3,0x1.efce8p-1,0x1.346d2cp-2,0x0p+0
1672931067651110872,-0x1.fe8182p-3,0x1.fa381p-1,0x1.34d90ap-2,0x0p+0
1672931067675939124,-0x1.fe74ep-3,0x1.fa381p-1,0x1.354628p-2,0x0p+0
1672931067701111348,-0x1.fe6868p-3,0x1.fa381p-1,0x1.35b4bap-2,0x0p+0
1672931067726059816,-0x1.fe5c1cp-3,0x1.fa381p-1,0x1.3624dap-2,0x0p+0
1672931067752239149,-0x1.fe500ap-3,0x1.00fc0ep+0,0x1.3695e6p-2,0x0p+0
1672931067776022359,-0x1.fe442p-3,0x1.00fc0ep+0,0x1.370892p-2,0x0p+0
1672931067800982524,-0x1.fe3864p-3,0x1.00fc0ep+0,0x1.377ccp-2,0x0p+0
1672931067826158426,-0x1.fe2ccep-3,0x1.00fc0ep+0,0x1.37f2aep-2,0x0p+0
1672931067851034042,-0x1.fe217p-3,0x1.039108p+0,0x1.38699cp-2,0x0p+0
1672931067876022228,-0x1.fe163cp-3,0x1.039108p+0,0x1.38e258p-2,0x0p+0
1672931067902201662,-0x1.fe0b3p-3,0x1.039108p+0,0x1.395cap-2,0x0p+0
1672931067926794175,-0x1.fe0046p-3,0x1.039108p+0,0x1.39d8ep-2,0x0p+0
1672931067951275354,-0x1.fdf596p-3,0x1.050a08p+0,0x1.3a563cp-2,0x0p+0
1672931067975938148,-0x1.fdeb0cp-3,0x1.050a08p+0,0x1.3ad58p-2,0x0p+0
1672931068001624101,-0x1.fde0a6p-3,0x1.050a08p+0,0x1.3b5684p-2,0x0p+0
1672931068026506419,-0x1.fdd66cp-3,0x1.050a08p+0,0x1.3bd9acp-2,0x0p+0
1672931068051053734,-0x1.fdcc5ap-3,0x1.05731cp+0,0x1.3c5e0ap-2,0x0p+0
1672931068076085325,-0x1.fdc26cp-3,0x1.05731cp+0,0x1.3ce4fcp-2,0x0p+0
1672931068101278809,-0x1.fdb8bp-3,0x1.05731cp+0,0x1.3d6d2ep-2,0x0p+0
1672931068126014193,-0x1.fdaf18p-3,0x1.05731cp+0,0x1.3df79ap-2,0x0p+0
1672931068151043462,-0x1.fda5a6p-3,0x1.04d8bep+0,0x1.3e83bp-2,0x0p+0
1672931068176431251,-0x1.fd9c58p-3,0x1.04d8bep+0,0x1.3f126ap-2,0x0p+0
1672931068201083623,-0x1.fd933ap-3,0x1.04d8bep+0,0x1.3fa29cp-2,0x0p+0
1672931068226069684,-0x1.fd8a32p-3,0x1.04d8bep+0,0x1.4035a2p-2,0x0p+0
1672931068251093499,-0x1.fd8158p-3,0x1.03546cp+0,0x1.40ca42p-2,0x0p+0
1672931068276063975,-0x1.fd78ap-3,0x1.03546cp+0,0x1.416194p-2,0x0p+0
1672931068301023527,-0x1.fd7012p-3,0x1.03546cp+0,0x1.41fae4p-2,0x0p+0
1672931068326225536,-0x1.fd679ep-3,0x1.03546cp+0,0x1.4296e4p-2,0x0p+0
1672931068351119077,-0x1.fd5f54p-3,0x1.010d18p+0,0x1.43354p-2,0x0p+0
1672931068376060733,-0x1.fd572ap-3,0x1.010d18p+0,0x1.43d618p-2,0x0p+0
1672931068401143793,-0x1.fd4f22p-3,0x1.010d18p+0,0x1.4479eep-2,0x0p+0
1672931068426594144,-0x1.fd474p-3,0x1.010d18p+0,0x1.45201ep-2,0x0p+0
1672931068451116687,-0x1.fd3f82p-3,0x1.fc0d9p-1,0x1.45c8b6p-2,0x0p+0
1672931068476060379,-0x1.fd37ep-3,0x1.fc0d9p-1,0x1.467464p-2,0x0p+0
1672931068501107071,-0x1.fd305cp-3,0x1.fc0d9p-1,0x1.4723ap-2,0x0p+0
1672931068526080878,-0x1.fd29p-3,0x1.fc0d9p-1,0x1.47d4b2p-2,0x0p+0
1672931068551093191,-0x1.fd21bep-3,0x1.f485d8p-1,0x1.48897ap-2,0x0p+0
1672931068576124909,-0x1.fd1a98p-3,0x1.f485d8p-1,0x1.4941acp-2,0x0p+0
1672931068602285152,-0x1.fd1398p-3,0x1.f485d8p-1,0x1.49fc9cp-2,0x0p+0
1672931068626109375,-0x1.fd0cbap-3,0x1.f485d8p-1,0x1.4abb24p-2,0x0p+0
1672931068651186729,-0x1.fd05f8p-3,0x1.eb9b06p-1,0x1.4b7cfep-2,0x0p+0
1672931068675970238,-0x1.fcff4ep-3,0x1.eb9b06p-1,0x1.4c42f4p-2,0x0p+0
1672931068701022265,-0x1.fcf8bep-3,0x1.eb9b06p-1,0x1.4d0c94p-2,0x0p+0
1672931068725890765,-0x1.fcf258p-3,0x1.eb9b06p-1,0x1.4dd96p-2,0x0p+0
1672931068750905460,-0x1.fcec12p-3,0x1.e0f5bap-1,0x1.4ea9cep-2,0x0p+0
1672931068775860073,-0x1.fce5dcp-3,0x1.e0f5bap-1,0x1.4f7f26p-2,0x0p+0
1672931068801081813,-0x1.fcdfc8p-3,0x1.e0f5bap-1,0x1.5058b4p-2,0x0p+0
1672931068826059891,-0x1.fcd9ccp-3,0x1.e0f5bap-1,0x1.5135f6p-2,0x0p+0
1672931068851073420,-0x1.fcd3ecp-3,0x1.d5597ep-1,0x1.52180cp-2,0x0p+0
1672931068876032483,-0x1.fcce2ap-3,0x1.d5597ep-1,0x1.52febap-2,0x0p+0
1672931068901047252,-0x1.fcc87cp-3,0x1.d5597ep-1,0x1.53eb2ep-2,0x0p+0
1672931068926063744,-0x1.fcc2ecp-3,0x1.d5597ep-1,0x1.54db8ap-2,0x0p+0
1672931068952708072,-0x1.fcbd7ap-3,0x1.c889b4p-1,0x1.55d0c6p-2,0x0p+0
1672931068975904947,-0x1.fcb81ep-3,0x1.c889b4p-1,0x1.56cbc6p-2,0x0p+0
1672931069000976268,-0x1.fcb2ep-3,0x1.c889b4p-1,0x1.57cc64p-2,0x0p+0
1672931069026069967,-0x1.fcadbp-3,0x1.c889b4p-1,0x1.58d382p-2,0x0p+0
1672931069051052295,-0x1.fca89ep-3,0x1.ba1db4p-1,0x1.59df6ap-2,0x0p+0
1672931069075939437,-0x1.fca3aap-3,0x1.ba1db4p-1,0x1.5af1d6p-2,0x0p+0
1672931069100911827,-0x1.fc9ec2p-3,0x1.ba1db4p-1,0x1.5c0acap-2,0x0p+0
1672931069127931709,-0x1.fc99f2p-3,0x1.ba1db4p-1,0x1.5d2b66p-2,0x0p+0
1672931069151035590,-0x1.fc953ep-3,0x1.aac8acp-1,0x1.5e5182p-2,0x0p+0
1672931069176430438,-0x1.fc90a2p-3,0x1.aac8acp-1,0x1.5f7f66p-2,0x0p+0
1672931069201376043,-0x1.fc8c1ap-3,0x1.aac8acp-1,0x1.60b4fap-2,0x0p+0
1672931069226177230,-0x1.fc87a4p-3,0x1.aac8acp-1,0x1.61f28ep-2,0x0p+0
1672931069250991580,-0x1.fc834ap-3,0x1.9a616cp-1,0x1.633824p-2,0x0p+0
1672931069275843775,-0x1.fc7efap-3,0x1.9a616cp-1,0x1.648638p-2,0x0p+0
1672931069301485997,-0x1.fc7acap-3,0x1.9a616cp-1,0x1.65dd5p-2,0x0p+0
1672931069326326745,-0x1.fc76a8p-3,0x1.9a616cp-1,0x1.673eb8p-2,0x0p+0
1672931069351254764,-0x1.fc729ep-3,0x1.885f46p-1,0x1.68a818p-2,0x0p+0
1672931069375822183,-0x1.fc6ea6p-3,0x1.885f46p-1,0x1.6a1c9p-2,0x0p+0
1672931069400930828,-0x1.fc6ac2p-3,0x1.885f46p-1,0x1.6b9b72p-2,0x0p+0
1672931069426013352,-0x1.fc66eap-3,0x1.885f46p-1,0x1.6d2698p-2,0x0p+0
1672931069451047053,-0x1.fc6328p-3,0x1.76be76p-1,0x1.6ebbd4p-2,0x0p+0
1672931069476060188,-0x1.fc5f7cp-3,0x1.76be76p-1,0x1.705f06p-2,0x0p+0
1672931069501043929,-0x1.fc5be6p-3,0x1.76be76p-1,0x1.720cd2p-2,0x0p+0
1672931069526057332,-0x1.fc5852p-3,0x1.76be76p-1,0x1.73c9ep-2,0x0p+0
1672931069551037811,-0x1.fc54dap-3,0x1.64260ap-1,0x1.7594bcp-2,0x0p+0
1672931069575841948,-0x1.fc5176p-3,0x1.64260ap-1,0x1.776e56p-2,0x0p+0
1672931069600851688,-0x1.fc4e14p-3,0x1.64260ap-1,0x1.7957d6p-2,0x0p+0
1672931069626321290,-0x1.fc4accp-3,0x1.64260ap-1,0x1.7b533cp-2,0x0p+0
1672931069651076757,-0x1.fc4798p-3,0x1.516a88p-1,0x1.7d5dbep-2,0x0p+0
1672931069675790997,-0x1.fc446ap-3,0x1.516a88p-1,0x1.7f7b9p-2,0x0p+0
1672931069700850751,-0x1.fc4154p-3,0x1.516a88p-1,0x1.81ac9p-2,0x0p+0
1672931069726047984,-0x1.fc3e44p-3,0x1.516a88p-1,0x1.83f456p-2,0x0p+0
1672931069751093054,-0x1.fc3b46p-3,0x1.3e42e8p-1,0x1.864ef4p-2,0x0p+0
1672931069775790478,-0x1.fc3856p-3,0x1.3e42e8p-1,0x1.88c186p-2,0x0p+0
1672931069802355942,-0x1.fc357p-3,0x1.3e42e8p-1,0x1.8b4cdep-2,0x0p+0
1672931069825923791,-0x1.fc329cp-3,0x1.3e42e8p-1,0x1.8df39ep-2,0x0p+0
1672931069850979151,-0x1.fc2fd4p-3,0x1.2b6644p-1,0x1.90b304p-2,0x0p+0
1672931069875857616,-0x1.fc2d16p-3,0x1.2b6644p-1,0x1.9390cap-2,0x0p+0
1672931069900913494,-0x1.fc2a64p-3,0x1.2b6644p-1,0x1.968decp-2,0x0p+0
1672931069925965824,-0x1.fc27bep-3,0x1.2b6644p-1,0x1.99ae46p-2,0x0p+0
1672931069950977762,-0x1.fc252ap-3,0x1.17e942p-1,0x1.9cf084p-2,0x0p+0
1672931069975869845,-0x1.fc2298p-3,0x1.17e942p-1,0x1.a05602p-2,0x0p+0
1672931070000855545,-0x1.fc2018p-3,0x1.17e942p-1,0x1.a3e4e4p-2,0x0p+0
1672931070026095118,-0x1.fc1d9cp-3,0x1.17e942p-1,0x1.a7a394p-2,0x0p+0
1672931070050793313,-0x1.fc1b28p-3,0x1.04ac46p-1,0x1.ab8b72p-2,0x0p+0
1672931070076922214,-0x1.fc18c6p-3,0x1.04ac46p-1,0x1.afa66cp-2,0x0p+0
1672931070100928475,-0x1.fc1666p-3,0x1.04ac46p-1,0x1.b3f734p-2,0x0p+0
1672931070125851539,-0x1.fc140ep-3,0x1.04ac46p-1,0x1.b884d8p-2,0x0p+0
1672931070150980430,-0x1.fc11c8p-3,0x1.e153f2p-2,0x1.bd4a84p-2,0x0p+0
1672931070175862396,-0x1.fc0f82p-3,0x1.e153f2p-2,0x1.c2553ep-2,0x0p+0
1672931070201096835,-0x1.fc0d48p-3,0x1.e153f2p-2,0x1.c7a8c2p-2,0x0p+0
1672931070225866099,-0x1.fc0b0cp-3,0x1.e153f2p-2,0x1.cd4a06p-2,0x0p+0
1672931070251011317,-0x1.fc08dep-3,0x1.b9ce9p-2,0x1.d33f68p-2,0x0p+0
1672931070275946588,-0x1.fc06bp-3,0x1.b9ce9p-2,0x1.d9901ap-2,0x0p+0
1672931070301068676,-0x1.fc048ep-3,0x1.b9ce9p-2,0x1.e042f4p-2,0x0p+0
1672931070326235406,-0x1.fc0266p-3,0x1.b9ce9p-2,0x1.e769cp-2,0x0p+0
1672931070351039869,-0x1.fc0048p-3,0x1.90ca22p-2,0x1.eefb22p-2,0x0p+0
1672931070375924587,-0x1.fbfe3p-3,0x1.90ca22p-2,0x1.f7107p-2,0x0p+0
1672931070401045613,-0x1.fbfc1ap-3,0x1.90ca22p-2,0x1.ffb324p-2,0x0p+0
1672931070426120714,-0x1.fbfa02p-3,0x1.90ca22p-2,0x1.047898p-1,0x0p+0
1672931070450959517,-0x1.fbf7f4p-3,0x1.682ed2p-2,0x1.09666p-1,0x0p+0
1672931070475862999,-0x1.fbf5dcp-3,0x1.682ed2p-2,0x1.0eb18ap-1,0x0p+0
1672931070502053910,-0x1.fbf3c6p-3,0x1.682ed2p-2,0x1.14618cp-1,0x0p+0
1672931070526047436,-0x1.fbf1bcp-3,0x1.682ed2p-2,0x1.1a7df2p-1,0x0p+0
1672931070550970704,-0x1.fbef9ep-3,0x1.418804p-2,0x1.2112a6p-1,0x0p+0
1672931070575757750,-0x1.fbed86p-3,0x1.418804p-2,0x1.282af6p-1,0x0p+0
1672931070601038992,-0x1.fbeb68p-3,0x1.418804p-2,0x1.2fd328p-1,0x0p+0
1672931070626094951,-0x1.fbe94p-3,0x1.418804p-2,0x1.381acap-1,0x0p+0
1672931070650928259,-0x1.fbe718p-3,0x1.1cf108p-2,0x1.410d2ep-1,0x0p+0
1672931070676644695,-0x1.fbe4e2p-3,0x1.1cf108p-2,0x1.4ac076p-1,0x0p+0
1672931070700879169,-0x1.fbe2a6p-3,0x1.1cf108p-2,0x1.553882p-1,0x0p+0
1672931070725949814,-0x1.fbe05ap-3,0x1.1cf108p-2,0x1.60968cp-1,0x0p+0
1672931070750977882,-0x1.fbdep-3,0x1.f74cfep-3,0x1.6ce48p-1,0x0p+0
1672931070775884937,-0x1.fbdb92p-3,0x1.f74cfep-3,0x1.7a3206p-1,0x0p+0
1672931070800946148,-0x1.fbd91p-3,0x1.f74cfep-3,0x1.889186p-1,0x0p+0
1672931070825865034,-0x1.fbd676p-3,0x1.f74cfep-3,0x1.98160cp-1,0x0p+0
1672931070850916582,-0x1.fbd3bap-3,0x1.cb57fcp-3,0x1.a8bf14p-1,0x0p+0
1672931070875970900,-0x1.fbd0e4p-3,0x1.cb57fcp-3,0x1.ba9d18p-1,0x0p+0
1672931070900787858,-0x1.fbcde4p-3,0x1.cb57fcp-3,0x1.cda73ep-1,0x0p+0
1672931070925811615,-0x1.fbcab2p-3,0x1.cb57fcp-3,0x1.e1e2a2p-1,0x0p+0
1672931070950992976,-0x1.fbc748p-3,0x1.9af65cp-3,0x1.f7159cp-1,0x0p+0
1672931070976061498,-0x1.fbc39ep-3,0x1.9af65cp-3,0x1.069b92p+0,0x0p+0
1672931071000789654,-0x1.fbbfa2p-3,0x1.9af65cp-3,0x1.12096ep+0,0x0p+0
1672931071026276161,-0x1.fbbb4ap-3,0x1.9af65cp-3,0x1.1dbae2p+0,0x0p+0
1672931071051028801,-0x1.fbb674p-3,0x1.70798ap-3,0x1.2973bp+0,0x0p+0
1672931071075824227,-0x1.fbb114p-3,0x1.70798ap-3,0x1.351d08p+0,0x0p+0
1672931071100891097,-0x1.fbaafcp-3,0x1.70798ap-3,0x1.408566p+0,0x0p+0
1672931071125839089,-0x1.fba3f6p-3,0x1.70798ap-3,0x1.4b80c6p+0,0x0p+0
1672931071151094899,-0x1.fb9bd2p-3,0x1.4fd9b8p-3,0x1.55e356p+0,0x0p+0
1672931071176819199,-0x1.fb9232p-3,0x1.4fd9b8p-3,0x1.5f8c1p+0,0x0p+0
1672931071200966305,-0x1.fb8698p-3,0x1.4fd9b8p-3,0x1.68591cp+0,0x0p+0
1672931071225885033,-0x1.fb7854p-3,0x1.4fd9b8p-3,0x1.703ea4p+0,0x0p+0
1672931071251063167,-0x1.fb665cp-3,0x1.37ebb6p-3,0x1.772f0cp+0,0x0p+0
1672931071275798388,-0x1.fb4f2ap-3,0x1.37ebb6p-3,0x1.7d2914p+0,0x0p+0
1672931071300922250,-0x1.fb304ap-3,0x1.37ebb6p-3,0x1.823408p+0,0x0p+0
1672931071326074852,-0x1.fb059cp-3,0x1.37ebb6p-3,0x1.865e48p+0,0x0p+0
1672931071351648544,-0x1.d93f3p-3,0x1.27b26ep-3,0x0p+0,0x0p+0
1672931071375881684,-0x1.86e506p-3,0x1.27b26ep-3,0x0p+0,0x0p+0
1672931071400881908,-0x1.3c6c6cp-3,0x1.27b26ep-3,0x0p+0,0x0p+0
1672931071425862981,-0x1.f360eep-4,0x1.27b26ep-3,0x0p+0,0x0p+0
1672931071451006909,-0x1.7e29b2p-4,0x1.007056p-4,0x0p+0,0x0p+0
1672931071475849496,-0x1.1927cep-4,0x1.007056p-4,0x0p+0,0x0p+0
1672931071500922019,-0x1.8b2cecp-5,0x1.007056p-4,0x0p+0,0x0p+0
1672931071527870673,-0x1.064c6ep-5,0x1.007056p-4,0x0p+0,0x0p+0
1672931071551100260,-0x1.43ec16p-6,0x1.ee5bb8p-3,0x0p+0,0x0p+0
1672931071575668816,-0x1.675c32p-7,0x1.ee5bb8p-3,0x0p+0,0x0p+0
1672931071600863002,-0x1.9e9278p-4,0x0p+0,0x0p+0,0x0p+0
1672931071625967224,-0x1.dd3be4p-5,0x0p+0,0x0p+0,0x0p+0
1672931071650834187,-0x1.3f1db4p-6,0x0p+0,0x0p+0,0x0p+0
1672931071675696456,-0x0p+0,0x0p+0,0x0p+0,0x0p+0
1672931071701003047,-0x0p+0,0x0p+0,0x0p+0,0x0p+0
1672931071725847633,-0x0p+0,0x0p+0,0x0p+0,0x0p+0
1672931071750804686,-0x0p+0,0x0p+0,0x0p+0,0x0p+0
1672931071775768634,-0x0p+0,0x0p+0,0x0p+0,0x0p+0
1672931071800932815,-0x0p+0,0x0p+0,0x0p+0,0x0p+0
1672931071825954369,-0x0p+0,0x0p+0,0x0p+0,0x0p+0
1672931071850883732,-0x0p+0,0x0p+0,0x0p+0,0x0p+0
1672931071875730534,-0x0p+0,0x0p+0,0x0p+0,0x0p+0
1672931071900889212,-0x0p+0,0x0p+0,0x0p+0,0x0p+0
1672931071926029452,-0x0p+0,0x0p+0,0x0p+0,0x0p+0
1672931071950771449,-0x0p+0,0x0p+0,0x0p+0,0x0p+0
1672931071975735600,-0x0p+0,0x0p+0,0x0p+0,0x0p+0
1672931072000870392,-0x0p+0,0x0p+0,0x0p+0,0x0p+0
1672931072025898746,-0x0p+0,0x0p+0,0x0p+0,0x0p+0
1672931072050912057,-0x0p+0,0x0p+0,0x0p+0,0x0p+0
1672931072075881488,-0x0p+0,0x0p+0,0x0p+0,0x0p+0
1672931072100756738,-0x0p+0,0x0p+0,0x0p+0,0x0p+0
1672931072126003567,-0x0p+0,0x0p+0,0x0p+0,0x0p+0
1672931072150929859,-0x0p+0,0x0p+0,0x0p+0,0x0p+0
1672931072175867269,-0x0p+0,0x0p+0,0x0p+0,0x0p+0
1672931072200794100,-0x0p+0,0x0p+0,0x0p+0,0x0p+0
1672931072227343476,-0x0p+0,0x0p+0,0x0p+0,0x0p+0
1672931072250900979,-0x0p+0,0x0p+0,0x0p+0,0x0p+0
1672931072275737006,-0x0p+0,0x0p+0,0x0p+0,0x0p+0
1672931072300962806,-0x0p+0,0x0p+0,0x0p+0,0x0p+0
1672931072325988043,-0x0p+0,0x0p+0,0x0p+0,0x0p+0
1672931072350829317,-0x0p+0,0x0p+0,0x0p+0,0x0p+0
1672931072375790059,-0x0p+0,0x0p+0,0x0p+0,0x0p+0
1672931072400892510,-0x0p+0,0x0p+0,0x0p+0,0x0p+0
1672931072425757834,-0x0p+0,0x0p+0,0x0p+0,0x0p+0
1672931072450787975,-0x0p+0,0x0p+0,0x0p+0,0x0p+0
1672931072475979041,-0x0p+0,0x0p+0,0x0p+0,0x0p+0
1672931072502475676,-0x0p+0,0x0p+0,0x0p+0,0x0p+0
1672931072526139380,-0x0p+0,0x0p+0,0x0p+0,0x0p+0
1672931072550851341,-0x0p+0,0x0p+0,0x0p+0,0x0p+0
1672931072575627344,-0x0p+0,0x0p+0,0x0p+0,0x0p+0
1672931072600825557,-0x0p+0,0x0p+0,0x0p+0,0x0p+0
1672931072625957228,-0x0p+0,0x0p+0,0x0p+0,0x0p+0
1672931072650579123,-0x0p+0,0x0p+0,0x0p+0,0x0p+0
1672931072677139902,-0x0p+0,0x0p+0,0x0p+0,0x0p+0
1672931072701152206,-0x0p+0,0x0p+0,0x0p+0,0x0p+0
1672931072726028411,-0x0p+0,0x0p+0,0x0p+0,0x0p+0
1672931072750781334,-0x0p+0,0x0p+0,0x0p+0,0x0p+0
1672931072775854728,-0x0p+0,0x0p+0,0x0p+0,0x0p+0
1672931072800777798,-0x0p+0,0x0p+0,0x0p+0,0x0p+0
1672931072825928250,-0x0p+0,0x0p+0,0x0p+0,0x0p+0
1672931072850899307,-0x0p+0,0x0p+0,0x0p+0,0x0p+0
1672931072876151123,-0x0p+0,0x0p+0,0x0p+0,0x0p+0
1672931072900845575,-0x0p+0,0x0p+0,0x0p+0,0x0p+0
1672931072925919165,-0x0p+0,0x0p+0,0x0p+0,0x0p+0
1672931072950876123,-0x0p+0,0x0p+0,0x0p+0,0x0p+0
1672931072975824675,-0x0p+0,0x0p+0,0x0p+0,0x0p+0
1672931073001085954,-0x0p+0,0x0p+0,0x0p+0,0x0p+0
1672931073026197604,-0x0p+0,0x0p+0,0x0p+0,0x0p+0
1672931073050819289,-0x0p+0,0x0p+0,0x0p+0,0x0p+0
1672931073075854078,-0x0p+0,0x0p+0,0x0p+0,0x0p+0
1672931073100723003,-0x0p+0,0x0p+0,0x0p+0,0x0p+0
1672931073125762566,-0x0p+0,0x0p+0,0x0p+0,0x0p+0
1672931073151022632,-0x0p+0,0x0p+0,0x0p+0,0x0p+0
1672931073175866221,-0x0p+0,0x0p+0,0x0p+0,0x0p+0
1672931073200845448,-0x0p+0,0x0p+0,0x0p+0,0x0p+0
1672931073225915715,-0x0p+0,0x0p+0,0x0p+0,0x0p+0
1672931073250893155,-0x0p+0,0x0p+0,0x0p+0,0x0p+0
1672931073275922905,-0x0p+0,0x0p+0,0x0p+0,0x0p+0
1672931073300667801,-0x0p+0,0x0p+0,0x0p+0,0x0p+0
1672931073326034866,-0x0p+0,0x0p+0,0x0p+0,0x0p+0
1672931073375900059,-0x0p+0,0x0p+0,0x0p+0,0x0p+0
1672931073376623651,-0x0p+0,0x0p+0,0x0p+0,0x0p+0
1672931073400793307,-0x0p+0,0x0p+0,0x0p+0,0x0p+0
1672931073425866142,-0x0p+0,0x0p+0,0x0p+0,0x0p+0
1672931073450848444,-0x0p+0,0x0p+0,0x0p+0,0x0p+0
1672931073475855472,-0x0p+0,0x0p+0,0x0p+0,0x0p+0
1672931073500920284,-0x0p+0,0x0p+0,0x0p+0,0x0p+0
1672931073525925580,-0x0p+0,0x0p+0,0x0p+0,0x0p+0
1672931073550921615,-0x0p+0,0x0p+0,0x0p+0,0x0p+0
1672931073575966369,-0x0p+0,0x0p+0,0x0p+0,0x0p+0
1672931073600859264,-0x0p+0,0x0p+0,0x0p+0,0x0p+0
1672931073626034688,-0x0p+0,0x0p+0,0x0p+0,0x0p+0
1672931073650892446,-0x0p+0,0x0p+0,0x0p+0,0x0p+0
1672931073675793139,-0x0p+0,0x0p+0,0x0p+0,0x0p+0
1672931073701836673,-0x0p+0,0x0p+0,0x0p+0,0x0p+0
1672931073725774284,-0x0p+0,0x0p+0,0x0p+0,0x0p+0
1672931073750864920,-0x0p+0,0x0p+0,0x0p+0,0x0p+0
1672931073775795992,-0x0p+0,0x0p+0,0x0p+0,0x0p+0
1672931073800847922,-0x0p+0,0x0p+0,0x0p+0,0x0p+0
1672931073825835219,-0x0p+0,0x0p+0,0x0p+0,0x0p+0
1672931073850803444,-0x0p+0,0x0p+0,0x0p+0,0x0p+0
1672931073875773103,-0x0p+0,0x0p+0,0x0p+0,0x0p+0
1672931073900817569,-0x0p+0,0x0p+0,0x0p+0,0x0p+0
1672931073925838531,-0x0p+0,0x0p+0,0x0p+0,0x0p+0
1672931073950883828,-0x0p+0,0x0p+0,0x0p+0,0x0p+0
1672931073976117843,-0x0p+0,0x0p+0,0x0p+0,0x0p+0
1672931074000950362,-0x0p+0,0x0p+0,0x0p+0,0x0p+0
1672931074025975645,-0x0p+0,0x0p+0,0x0p+0,0x0p+0
1672931074050796947,-0x0p+0,0x0p+0,0x0p+0,0x0p+0
1672931074075782600,-0x0p+0,0x0p+0,0x0p+0,0x0p+0
1672931074100691029,-0x0p+0,0x0p+0,0x0p+0,0x0p+0
1672931074125826096,-0x0p+0,0x0p+0,0x0p+0,0x0p+0
1672931074152499134,-0x0p+0,0x0p+0,0x0p+0,0x0p+0
1672931074175783102,-0x0p+0,0x0p+0,0x0p+0,0x0p+0
1672931074200760948,-0x0p+0,0x0p+0,0x0p+0,0x0p+0
1672931074225777711,-0x0p+0,0x0p+0,0x0p+0,0x0p+0
1672931074250777908,-0x0p+0,0x0p+0,0x0p+0,0x0p+0
1672931074275644207,-0x0p+0,0x0p+0,0x0p+0,0x0p+0
1672931074300885538,-0x0p+0,0x0p+0,0x0p+0,0x0p+0
1672931074325918547,-0x0p+0,0x0p+0,0x0p+0,0x0p+0
1672931074350841408,-0x0p+0,0x0p+0,0x0p+0,0x0p+0
1672931074375656666,-0x0p+0,0x0p+0,0x0p+0,0x0p+0
1672931074400882142,-0x0p+0,0x0p+0,0x0p+0,0x0p+0
1672931074425819142,-0x0p+0,0x0p+0,0x0p+0,0x0p+0
1672931074450848990,-0x0p+0,0x0p+0,0x0p+0,0x0p+0
1672931074475665711,-0x0p+0,0x0p+0,0x0p+0,0x0p+0
1672931074500772032,-0x0p+0,0x0p+0,0x0p+0,0x0p+0
1672931074525948034,-0x0p+0,0x0p+0,0x0p+0,0x0p+0
1672931074550667647,-0x0p+0,0x0p+0,0x0p+0,0x0p+0
